evse_id,id_pdc_itinerance,tariff_id
FR*EVZ*EABID*1,FREVZEABID1,d369901a61db4255a5fd40e4795b29e7
FR*EVZ*EABID*2,FREVZEABID2,d369901a61db4255a5fd40e4795b29e7
FR*EVZ*EABID*3,FREVZEABID3,303a999db1e8436d891395637110fbb2
FR*EVZ*EABLE*1,FREVZEABLE1,b5dafd86e84b4243b906ead05482058a
FR*EVZ*EABLE*2,FREVZEABLE2,b5dafd86e84b4243b906ead05482058a
FR*EVZ*EABOU*1,FREVZEABOU1,d369901a61db4255a5fd40e4795b29e7
FR*EVZ*EABOU*2,FREVZEABOU2,d369901a61db4255a5fd40e4795b29e7
FR*EVZ*EADER*1,FREVZEADER1,d369901a61db4255a5fd40e4795b29e7
FR*EVZ*EADER*2,FREVZEADER2,d369901a61db4255a5fd40e4795b29e7
FR*EVZ*EADER*3,FREVZEADER3,303a999db1e8436d891395637110fbb2
FR*EVZ*EADNA*1,FREVZEADNA1,d369901a61db4255a5fd40e4795b29e7
FR*EVZ*EADNA*2,FREVZEADNA2,d369901a61db4255a5fd40e4795b29e7
FR*EVZ*EADNA*3,FREVZEADNA3,303a999db1e8436d891395637110fbb2
FR*EVZ*EAFIA*1,FREVZEAFIA1,d369901a61db4255a5fd40e4795b29e7
FR*EVZ*EAFIA*2,FREVZEAFIA2,d369901a61db4255a5fd40e4795b29e7
FR*EVZ*EAFIA*3,FREVZEAFIA3,303a999db1e8436d891395637110fbb2
FR*EVZ*EAFSA*1,FREVZEAFSA1,303a999db1e8436d891395637110fbb2
FR*EVZ*EAGOP*1,FREVZEAGOP1,d369901a61db4255a5fd40e4795b29e7
FR*EVZ*EAGOP*2,FREVZEAGOP2,d369901a61db4255a5fd40e4795b29e7
FR*EVZ*EAHAN*1,FREVZEAHAN1,303a999db1e8436d891395637110fbb2
FR*EVZ*EAHNI*1,FREVZEAHNI1,303a999db1e8436d891395637110fbb2
FR*EVZ*EAHOU*1,FREVZEAHOU1,d369901a61db4255a5fd40e4795b29e7
FR*EVZ*EAHOU*2,FREVZEAHOU2,d369901a61db4255a5fd40e4795b29e7
FR*EVZ*EAILA*1,FREVZEAILA1,303a999db1e8436d891395637110fbb2
FR*EVZ*EAIMI*1,FREVZEAIMI1,9390bdd487804336807aaf69768e03df
FR*EVZ*EAIMI*2,FREVZEAIMI2,9390bdd487804336807aaf69768e03df
FR*EVZ*EAIMY*1,FREVZEAIMY1,303a999db1e8436d891395637110fbb2
FR*EVZ*EAIRY*1,FREVZEAIRY1,d369901a61db4255a5fd40e4795b29e7
FR*EVZ*EAIRY*2,FREVZEAIRY2,d369901a61db4255a5fd40e4795b29e7
FR*EVZ*EAIZA*1,FREVZEAIZA1,d369901a61db4255a5fd40e4795b29e7
FR*EVZ*EAIZA*2,FREVZEAIZA2,d369901a61db4255a5fd40e4795b29e7
FR*EVZ*EAJDA*1,FREVZEAJDA1,d369901a61db4255a5fd40e4795b29e7
FR*EVZ*EAJDA*2,FREVZEAJDA2,d369901a61db4255a5fd40e4795b29e7
FR*EVZ*EAJDA*3,FREVZEAJDA3,303a999db1e8436d891395637110fbb2
FR*EVZ*EAKAN*1,FREVZEAKAN1,d369901a61db4255a5fd40e4795b29e7
FR*EVZ*EAKAN*2,FREVZEAKAN2,d369901a61db4255a5fd40e4795b29e7
FR*EVZ*EAKAN*3,FREVZEAKAN3,303a999db1e8436d891395637110fbb2
FR*EVZ*EAKAY*1,FREVZEAKAY1,303a999db1e8436d891395637110fbb2
FR*EVZ*EAKIA*1,FREVZEAKIA1,303a999db1e8436d891395637110fbb2
FR*EVZ*EAKIN*1,FREVZEAKIN1,d369901a61db4255a5fd40e4795b29e7
FR*EVZ*EAKIN*2,FREVZEAKIN2,d369901a61db4255a5fd40e4795b29e7
FR*EVZ*EAKOI*1,FREVZEAKOI1,303a999db1e8436d891395637110fbb2
FR*EVZ*EAKOS*1,FREVZEAKOS1,303a999db1e8436d891395637110fbb2
FR*EVZ*EAKUR*1,FREVZEAKUR1,d369901a61db4255a5fd40e4795b29e7
FR*EVZ*EAKUR*2,FREVZEAKUR2,d369901a61db4255a5fd40e4795b29e7
FR*EVZ*EALAH*1,FREVZEALAH1,303a999db1e8436d891395637110fbb2
FR*EVZ*EALAM*1,FREVZEALAM1,d369901a61db4255a5fd40e4795b29e7
FR*EVZ*EALAM*2,FREVZEALAM2,d369901a61db4255a5fd40e4795b29e7
FR*EVZ*EALAN*1,FREVZEALAN1,303a999db1e8436d891395637110fbb2
FR*EVZ*EALAY*1,FREVZEALAY1,d369901a61db4255a5fd40e4795b29e7
FR*EVZ*EALAY*2,FREVZEALAY2,d369901a61db4255a5fd40e4795b29e7
FR*EVZ*EALEE*1,FREVZEALEE1,d369901a61db4255a5fd40e4795b29e7
FR*EVZ*EALEE*2,FREVZEALEE2,d369901a61db4255a5fd40e4795b29e7
FR*EVZ*EALEE*3,FREVZEALEE3,303a999db1e8436d891395637110fbb2
FR*EVZ*EALEK*1,FREVZEALEK1,b5dafd86e84b4243b906ead05482058a
FR*EVZ*EALEK*2,FREVZEALEK2,b5dafd86e84b4243b906ead05482058a
FR*EVZ*EALEN*1,FREVZEALEN1,303a999db1e8436d891395637110fbb2
FR*EVZ*EALIE*1,FREVZEALIE1,b5dafd86e84b4243b906ead05482058a
FR*EVZ*EALIE*2,FREVZEALIE2,b5dafd86e84b4243b906ead05482058a
FR*EVZ*EALIM*1,FREVZEALIM1,303a999db1e8436d891395637110fbb2
FR*EVZ*EALKA*1,FREVZEALKA1,303a999db1e8436d891395637110fbb2
FR*EVZ*EALLA*1,FREVZEALLA1,303a999db1e8436d891395637110fbb2
FR*EVZ*EALLE*1,FREVZEALLE1,b5dafd86e84b4243b906ead05482058a
FR*EVZ*EALLE*2,FREVZEALLE2,b5dafd86e84b4243b906ead05482058a
FR*EVZ*EALOU*1,FREVZEALOU1,9390bdd487804336807aaf69768e03df
FR*EVZ*EALOU*2,FREVZEALOU2,9390bdd487804336807aaf69768e03df
FR*EVZ*EALTA*1,FREVZEALTA1,b5dafd86e84b4243b906ead05482058a
FR*EVZ*EALTA*2,FREVZEALTA2,b5dafd86e84b4243b906ead05482058a
FR*EVZ*EALVA*1,FREVZEALVA1,b5dafd86e84b4243b906ead05482058a
FR*EVZ*EALVA*2,FREVZEALVA2,b5dafd86e84b4243b906ead05482058a
FR*EVZ*EALVE*1,FREVZEALVE1,b5dafd86e84b4243b906ead05482058a
FR*EVZ*EALVE*2,FREVZEALVE2,b5dafd86e84b4243b906ead05482058a
FR*EVZ*EAMAE*1,FREVZEAMAE1,303a999db1e8436d891395637110fbb2
FR*EVZ*EAMAI*1,FREVZEAMAI1,b5dafd86e84b4243b906ead05482058a
FR*EVZ*EAMAI*2,FREVZEAMAI2,b5dafd86e84b4243b906ead05482058a
FR*EVZ*EAMAL*1,FREVZEAMAL1,b5dafd86e84b4243b906ead05482058a
FR*EVZ*EAMAL*2,FREVZEAMAL2,b5dafd86e84b4243b906ead05482058a
FR*EVZ*EAMEI*1,FREVZEAMEI1,d369901a61db4255a5fd40e4795b29e7
FR*EVZ*EAMEI*2,FREVZEAMEI2,d369901a61db4255a5fd40e4795b29e7
FR*EVZ*EAMID*1,FREVZEAMID1,d369901a61db4255a5fd40e4795b29e7
FR*EVZ*EAMID*2,FREVZEAMID2,d369901a61db4255a5fd40e4795b29e7
FR*EVZ*EAMIE*1,FREVZEAMIE1,d369901a61db4255a5fd40e4795b29e7
FR*EVZ*EAMIE*2,FREVZEAMIE2,d369901a61db4255a5fd40e4795b29e7
FR*EVZ*EAMIE*3,FREVZEAMIE3,d369901a61db4255a5fd40e4795b29e7
FR*EVZ*EAMOL*1,FREVZEAMOL1,d369901a61db4255a5fd40e4795b29e7
FR*EVZ*EAMOL*2,FREVZEAMOL2,d369901a61db4255a5fd40e4795b29e7
FR*EVZ*EAMON*1,FREVZEAMON1,303a999db1e8436d891395637110fbb2
FR*EVZ*EAMVI*1,FREVZEAMVI1,303a999db1e8436d891395637110fbb2
FR*EVZ*EAMYN*1,FREVZEAMYN1,303a999db1e8436d891395637110fbb2
FR*EVZ*EAMYR*1,FREVZEAMYR1,d369901a61db4255a5fd40e4795b29e7
FR*EVZ*EAMYR*2,FREVZEAMYR2,d369901a61db4255a5fd40e4795b29e7
FR*EVZ*EANAM*1,FREVZEANAM1,303a999db1e8436d891395637110fbb2
FR*EVZ*EANDY*1,FREVZEANDY1,b5dafd86e84b4243b906ead05482058a
FR*EVZ*EANDY*2,FREVZEANDY2,b5dafd86e84b4243b906ead05482058a
FR*EVZ*EANGE*1,FREVZEANGE1,b5dafd86e84b4243b906ead05482058a
FR*EVZ*EANGE*2,FREVZEANGE2,b5dafd86e84b4243b906ead05482058a
FR*EVZ*EANIA*1,FREVZEANIA1,b5dafd86e84b4243b906ead05482058a
FR*EVZ*EANIA*2,FREVZEANIA2,b5dafd86e84b4243b906ead05482058a
FR*EVZ*EANIC*1,FREVZEANIC1,b5dafd86e84b4243b906ead05482058a
FR*EVZ*EANIC*2,FREVZEANIC2,b5dafd86e84b4243b906ead05482058a
FR*EVZ*EANIK*1,FREVZEANIK1,303a999db1e8436d891395637110fbb2
FR*EVZ*EANIV*1,FREVZEANIV1,303a999db1e8436d891395637110fbb2
FR*EVZ*EANNA*1,FREVZEANNA1,d369901a61db4255a5fd40e4795b29e7
FR*EVZ*EANNA*2,FREVZEANNA2,d369901a61db4255a5fd40e4795b29e7
FR*EVZ*EANNA*3,FREVZEANNA3,303a999db1e8436d891395637110fbb2
FR*EVZ*EANNE*1,FREVZEANNE1,b5dafd86e84b4243b906ead05482058a
FR*EVZ*EANNE*2,FREVZEANNE2,b5dafd86e84b4243b906ead05482058a
FR*EVZ*EANNY*1,FREVZEANNY1,303a999db1e8436d891395637110fbb2
FR*EVZ*EANOA*1,FREVZEANOA1,b5dafd86e84b4243b906ead05482058a
FR*EVZ*EANOA*2,FREVZEANOA2,b5dafd86e84b4243b906ead05482058a
FR*EVZ*EANQI*1,FREVZEANQI1,d369901a61db4255a5fd40e4795b29e7
FR*EVZ*EANQI*2,FREVZEANQI2,d369901a61db4255a5fd40e4795b29e7
FR*EVZ*EANRI*1,FREVZEANRI1,303a999db1e8436d891395637110fbb2
FR*EVZ*EANUP*1,FREVZEANUP1,303a999db1e8436d891395637110fbb2
FR*EVZ*EANZE*1,FREVZEANZE1,b5dafd86e84b4243b906ead05482058a
FR*EVZ*EANZE*2,FREVZEANZE2,b5dafd86e84b4243b906ead05482058a
FR*EVZ*EAOKI*1,FREVZEAOKI1,d369901a61db4255a5fd40e4795b29e7
FR*EVZ*EAOKI*2,FREVZEAOKI2,d369901a61db4255a5fd40e4795b29e7
FR*EVZ*EAQIB*1,FREVZEAQIB1,303a999db1e8436d891395637110fbb2
FR*EVZ*EARAB*1,FREVZEARAB1,d369901a61db4255a5fd40e4795b29e7
FR*EVZ*EARAB*2,FREVZEARAB2,d369901a61db4255a5fd40e4795b29e7
FR*EVZ*EARAI*1,FREVZEARAI1,d369901a61db4255a5fd40e4795b29e7
FR*EVZ*EARAI*2,FREVZEARAI2,d369901a61db4255a5fd40e4795b29e7
FR*EVZ*EARAM*1,FREVZEARAM1,b5dafd86e84b4243b906ead05482058a
FR*EVZ*EARAM*2,FREVZEARAM2,b5dafd86e84b4243b906ead05482058a
FR*EVZ*EARAS*1,FREVZEARAS1,d369901a61db4255a5fd40e4795b29e7
FR*EVZ*EARAS*2,FREVZEARAS2,d369901a61db4255a5fd40e4795b29e7
FR*EVZ*EARAS*3,FREVZEARAS3,303a999db1e8436d891395637110fbb2
FR*EVZ*EARAX*1,FREVZEARAX1,b5dafd86e84b4243b906ead05482058a
FR*EVZ*EARAX*2,FREVZEARAX2,b5dafd86e84b4243b906ead05482058a
FR*EVZ*EARCO*1,FREVZEARCO1,303a999db1e8436d891395637110fbb2
FR*EVZ*EARDI*1,FREVZEARDI1,303a999db1e8436d891395637110fbb2
FR*EVZ*EARIF*1,FREVZEARIF1,303a999db1e8436d891395637110fbb2
FR*EVZ*EARII*1,FREVZEARII1,303a999db1e8436d891395637110fbb2
FR*EVZ*EARIQ*1,FREVZEARIQ1,d369901a61db4255a5fd40e4795b29e7
FR*EVZ*EARIQ*2,FREVZEARIQ2,d369901a61db4255a5fd40e4795b29e7
FR*EVZ*EARIQ*3,FREVZEARIQ3,303a999db1e8436d891395637110fbb2
FR*EVZ*EARIV*1,FREVZEARIV1,d369901a61db4255a5fd40e4795b29e7
FR*EVZ*EARIV*2,FREVZEARIV2,d369901a61db4255a5fd40e4795b29e7
FR*EVZ*EARIV*3,FREVZEARIV3,303a999db1e8436d891395637110fbb2
FR*EVZ*EARUL*1,FREVZEARUL1,d369901a61db4255a5fd40e4795b29e7
FR*EVZ*EARUL*2,FREVZEARUL2,d369901a61db4255a5fd40e4795b29e7
FR*EVZ*EARVA*1,FREVZEARVA1,d369901a61db4255a5fd40e4795b29e7
FR*EVZ*EARVA*2,FREVZEARVA2,d369901a61db4255a5fd40e4795b29e7
FR*EVZ*EARZO*1,FREVZEARZO1,d369901a61db4255a5fd40e4795b29e7
FR*EVZ*EARZO*2,FREVZEARZO2,d369901a61db4255a5fd40e4795b29e7
FR*EVZ*EARZO*3,FREVZEARZO3,303a999db1e8436d891395637110fbb2
FR*EVZ*EASAI*1,FREVZEASAI1,303a999db1e8436d891395637110fbb2
FR*EVZ*EASAR*1,FREVZEASAR1,303a999db1e8436d891395637110fbb2
FR*EVZ*EASEN*1,FREVZEASEN1,303a999db1e8436d891395637110fbb2
FR*EVZ*EASHA*1,FREVZEASHA1,303a999db1e8436d891395637110fbb2
FR*EVZ*EASLI*1,FREVZEASLI1,d369901a61db4255a5fd40e4795b29e7
FR*EVZ*EASLI*2,FREVZEASLI2,d369901a61db4255a5fd40e4795b29e7
FR*EVZ*EASRA*1,FREVZEASRA1,303a999db1e8436d891395637110fbb2
FR*EVZ*EATHA*1,FREVZEATHA1,d369901a61db4255a5fd40e4795b29e7
FR*EVZ*EATHA*2,FREVZEATHA2,d369901a61db4255a5fd40e4795b29e7
FR*EVZ*EATIT*1,FREVZEATIT1,d369901a61db4255a5fd40e4795b29e7
FR*EVZ*EATIT*2,FREVZEATIT2,d369901a61db4255a5fd40e4795b29e7
FR*EVZ*EATYS*1,FREVZEATYS1,303a999db1e8436d891395637110fbb2
FR*EVZ*EAUDI*1,FREVZEAUDI1,d369901a61db4255a5fd40e4795b29e7
FR*EVZ*EAUDI*2,FREVZEAUDI2,d369901a61db4255a5fd40e4795b29e7
FR*EVZ*EAUDI*3,FREVZEAUDI3,303a999db1e8436d891395637110fbb2
FR*EVZ*EAUMI*1,FREVZEAUMI1,d369901a61db4255a5fd40e4795b29e7
FR*EVZ*EAUMI*2,FREVZEAUMI2,d369901a61db4255a5fd40e4795b29e7
FR*EVZ*EAUNG*1,FREVZEAUNG1,d369901a61db4255a5fd40e4795b29e7
FR*EVZ*EAUNG*2,FREVZEAUNG2,d369901a61db4255a5fd40e4795b29e7
FR*EVZ*EAURA*1,FREVZEAURA1,d369901a61db4255a5fd40e4795b29e7
FR*EVZ*EAURA*2,FREVZEAURA2,d369901a61db4255a5fd40e4795b29e7
FR*EVZ*EAURI*1,FREVZEAURI1,d369901a61db4255a5fd40e4795b29e7
FR*EVZ*EAURI*2,FREVZEAURI2,d369901a61db4255a5fd40e4795b29e7
FR*EVZ*EAVEL*1,FREVZEAVEL1,d369901a61db4255a5fd40e4795b29e7
FR*EVZ*EAVEL*2,FREVZEAVEL2,d369901a61db4255a5fd40e4795b29e7
FR*EVZ*EAVIS*1,FREVZEAVIS1,d369901a61db4255a5fd40e4795b29e7
FR*EVZ*EAVIS*2,FREVZEAVIS2,d369901a61db4255a5fd40e4795b29e7
FR*EVZ*EAVIS*3,FREVZEAVIS3,303a999db1e8436d891395637110fbb2
FR*EVZ*EAVOR*1,FREVZEAVOR1,b5dafd86e84b4243b906ead05482058a
FR*EVZ*EAVOR*2,FREVZEAVOR2,b5dafd86e84b4243b906ead05482058a
FR*EVZ*EAVRI*1,FREVZEAVRI1,303a999db1e8436d891395637110fbb2
FR*EVZ*EAVYN*1,FREVZEAVYN1,303a999db1e8436d891395637110fbb2
FR*EVZ*EAWAD*1,FREVZEAWAD1,303a999db1e8436d891395637110fbb2
FR*EVZ*EAWAD*10,FREVZEAWAD10,303a999db1e8436d891395637110fbb2
FR*EVZ*EAWAD*11,FREVZEAWAD11,303a999db1e8436d891395637110fbb2
FR*EVZ*EAWAD*12,FREVZEAWAD12,303a999db1e8436d891395637110fbb2
FR*EVZ*EAWAD*13,FREVZEAWAD13,303a999db1e8436d891395637110fbb2
FR*EVZ*EAWAD*14,FREVZEAWAD14,303a999db1e8436d891395637110fbb2
FR*EVZ*EAWAD*15,FREVZEAWAD15,303a999db1e8436d891395637110fbb2
FR*EVZ*EAWAD*16,FREVZEAWAD16,303a999db1e8436d891395637110fbb2
FR*EVZ*EAWAD*17,FREVZEAWAD17,303a999db1e8436d891395637110fbb2
FR*EVZ*EAWAD*18,FREVZEAWAD18,303a999db1e8436d891395637110fbb2
FR*EVZ*EAWAD*2,FREVZEAWAD2,303a999db1e8436d891395637110fbb2
FR*EVZ*EAWAD*3,FREVZEAWAD3,303a999db1e8436d891395637110fbb2
FR*EVZ*EAWAD*4,FREVZEAWAD4,303a999db1e8436d891395637110fbb2
FR*EVZ*EAWAD*5,FREVZEAWAD5,303a999db1e8436d891395637110fbb2
FR*EVZ*EAWAD*6,FREVZEAWAD6,303a999db1e8436d891395637110fbb2
FR*EVZ*EAWAD*7,FREVZEAWAD7,303a999db1e8436d891395637110fbb2
FR*EVZ*EAWAD*8,FREVZEAWAD8,303a999db1e8436d891395637110fbb2
FR*EVZ*EAWAD*9,FREVZEAWAD9,303a999db1e8436d891395637110fbb2
FR*EVZ*EAWEB*1,FREVZEAWEB1,d369901a61db4255a5fd40e4795b29e7
FR*EVZ*EAWEB*2,FREVZEAWEB2,d369901a61db4255a5fd40e4795b29e7
FR*EVZ*EAXLE*1,FREVZEAXLE1,303a999db1e8436d891395637110fbb2
FR*EVZ*EAYAT*1,FREVZEAYAT1,b5dafd86e84b4243b906ead05482058a
FR*EVZ*EAYAT*2,FREVZEAYAT2,b5dafd86e84b4243b906ead05482058a
FR*EVZ*EAYEA*1,FREVZEAYEA1,b5dafd86e84b4243b906ead05482058a
FR*EVZ*EAYEA*2,FREVZEAYEA2,b5dafd86e84b4243b906ead05482058a
FR*EVZ*EAZEL*1,FREVZEAZEL1,d369901a61db4255a5fd40e4795b29e7
FR*EVZ*EAZEL*2,FREVZEAZEL2,d369901a61db4255a5fd40e4795b29e7
FR*EVZ*EAZIE*1,FREVZEAZIE1,d369901a61db4255a5fd40e4795b29e7
FR*EVZ*EAZIE*2,FREVZEAZIE2,d369901a61db4255a5fd40e4795b29e7
FR*EVZ*EAZIL*1,FREVZEAZIL1,d369901a61db4255a5fd40e4795b29e7
FR*EVZ*EAZIL*2,FREVZEAZIL2,d369901a61db4255a5fd40e4795b29e7
FR*EVZ*EAZIL*3,FREVZEAZIL3,303a999db1e8436d891395637110fbb2
FR*EVZ*EAZIZ*1,FREVZEAZIZ1,9390bdd487804336807aaf69768e03df
FR*EVZ*EAZKA*1,FREVZEAZKA1,303a999db1e8436d891395637110fbb2
FR*EVZ*EAZMI*1,FREVZEAZMI1,d369901a61db4255a5fd40e4795b29e7
FR*EVZ*EAZMI*2,FREVZEAZMI2,d369901a61db4255a5fd40e4795b29e7
FR*EVZ*EAZSA*1,FREVZEAZSA1,303a999db1e8436d891395637110fbb2
FR*EVZ*EAZUR*1,FREVZEAZUR1,d369901a61db4255a5fd40e4795b29e7
FR*EVZ*EAZUR*2,FREVZEAZUR2,d369901a61db4255a5fd40e4795b29e7
FR*EVZ*EAZUR*3,FREVZEAZUR3,303a999db1e8436d891395637110fbb2
FR*EVZ*EBABY*1,FREVZEBABY1,303a999db1e8436d891395637110fbb2
FR*EVZ*EBAIA*1,FREVZEBAIA1,d369901a61db4255a5fd40e4795b29e7
FR*EVZ*EBAIA*2,FREVZEBAIA2,d369901a61db4255a5fd40e4795b29e7
FR*EVZ*EBAKI*1,FREVZEBAKI1,303a999db1e8436d891395637110fbb2
FR*EVZ*EBAMA*1,FREVZEBAMA1,d369901a61db4255a5fd40e4795b29e7
FR*EVZ*EBAMA*2,FREVZEBAMA2,d369901a61db4255a5fd40e4795b29e7
FR*EVZ*EBANE*1,FREVZEBANE1,d369901a61db4255a5fd40e4795b29e7
FR*EVZ*EBANE*2,FREVZEBANE2,d369901a61db4255a5fd40e4795b29e7
FR*EVZ*EBANI*1,FREVZEBANI1,d369901a61db4255a5fd40e4795b29e7
FR*EVZ*EBANI*2,FREVZEBANI2,d369901a61db4255a5fd40e4795b29e7
FR*EVZ*EBANI*3,FREVZEBANI3,303a999db1e8436d891395637110fbb2
FR*EVZ*EBARI*1,FREVZEBARI1,d369901a61db4255a5fd40e4795b29e7
FR*EVZ*EBARI*2,FREVZEBARI2,d369901a61db4255a5fd40e4795b29e7
FR*EVZ*EBAWI*1,FREVZEBAWI1,b5dafd86e84b4243b906ead05482058a
FR*EVZ*EBAWI*2,FREVZEBAWI2,b5dafd86e84b4243b906ead05482058a
FR*EVZ*EBEAL*1,FREVZEBEAL1,303a999db1e8436d891395637110fbb2
FR*EVZ*EBEAU*1,FREVZEBEAU1,d369901a61db4255a5fd40e4795b29e7
FR*EVZ*EBEAU*2,FREVZEBEAU2,d369901a61db4255a5fd40e4795b29e7
FR*EVZ*EBEBE*1,FREVZEBEBE1,d369901a61db4255a5fd40e4795b29e7
FR*EVZ*EBEBE*2,FREVZEBEBE2,d369901a61db4255a5fd40e4795b29e7
FR*EVZ*EBEDA*1,FREVZEBEDA1,303a999db1e8436d891395637110fbb2
FR*EVZ*EBERA*1,FREVZEBERA1,d369901a61db4255a5fd40e4795b29e7
FR*EVZ*EBERA*2,FREVZEBERA2,d369901a61db4255a5fd40e4795b29e7
FR*EVZ*EBERG*1,FREVZEBERG1,303a999db1e8436d891395637110fbb2
FR*EVZ*EBETA*1,FREVZEBETA1,b5dafd86e84b4243b906ead05482058a
FR*EVZ*EBETA*2,FREVZEBETA2,b5dafd86e84b4243b906ead05482058a
FR*EVZ*EBEVA*1,FREVZEBEVA1,303a999db1e8436d891395637110fbb2
FR*EVZ*EBILY*1,FREVZEBILY1,d369901a61db4255a5fd40e4795b29e7
FR*EVZ*EBILY*2,FREVZEBILY2,d369901a61db4255a5fd40e4795b29e7
FR*EVZ*EBOBB*1,FREVZEBOBB1,303a999db1e8436d891395637110fbb2
FR*EVZ*EBOBY*1,FREVZEBOBY1,b5dafd86e84b4243b906ead05482058a
FR*EVZ*EBOBY*2,FREVZEBOBY2,b5dafd86e84b4243b906ead05482058a
FR*EVZ*EBODE*1,FREVZEBODE1,9390bdd487804336807aaf69768e03df
FR*EVZ*EBODE*2,FREVZEBODE2,9390bdd487804336807aaf69768e03df
FR*EVZ*EBONA*1,FREVZEBONA1,d369901a61db4255a5fd40e4795b29e7
FR*EVZ*EBONA*2,FREVZEBONA2,d369901a61db4255a5fd40e4795b29e7
FR*EVZ*EBOON*1,FREVZEBOON1,9390bdd487804336807aaf69768e03df
FR*EVZ*EBOON*2,FREVZEBOON2,9390bdd487804336807aaf69768e03df
FR*EVZ*EBREK*1,FREVZEBREK1,d369901a61db4255a5fd40e4795b29e7
FR*EVZ*EBREK*2,FREVZEBREK2,d369901a61db4255a5fd40e4795b29e7
FR*EVZ*EBRET*1,FREVZEBRET1,303a999db1e8436d891395637110fbb2
FR*EVZ*EBREX*1,FREVZEBREX1,d369901a61db4255a5fd40e4795b29e7
FR*EVZ*EBREX*2,FREVZEBREX2,d369901a61db4255a5fd40e4795b29e7
FR*EVZ*EBRIA*1,FREVZEBRIA1,d369901a61db4255a5fd40e4795b29e7
FR*EVZ*EBRIA*2,FREVZEBRIA2,d369901a61db4255a5fd40e4795b29e7
FR*EVZ*EBRIC*1,FREVZEBRIC1,303a999db1e8436d891395637110fbb2
FR*EVZ*EBRIT*1,FREVZEBRIT1,d369901a61db4255a5fd40e4795b29e7
FR*EVZ*EBRIT*2,FREVZEBRIT2,d369901a61db4255a5fd40e4795b29e7
FR*EVZ*EBUEL*1,FREVZEBUEL1,303a999db1e8436d891395637110fbb2
FR*EVZ*EBURK*1,FREVZEBURK1,303a999db1e8436d891395637110fbb2
FR*EVZ*EBUSE*1,FREVZEBUSE1,d369901a61db4255a5fd40e4795b29e7
FR*EVZ*EBUSE*2,FREVZEBUSE2,d369901a61db4255a5fd40e4795b29e7
FR*EVZ*EBUSH*1,FREVZEBUSH1,303a999db1e8436d891395637110fbb2
FR*EVZ*EBYAN*1,FREVZEBYAN1,b5dafd86e84b4243b906ead05482058a
FR*EVZ*EBYAN*2,FREVZEBYAN2,b5dafd86e84b4243b906ead05482058a
FR*EVZ*ECADE*1,FREVZECADE1,d369901a61db4255a5fd40e4795b29e7
FR*EVZ*ECADE*2,FREVZECADE2,d369901a61db4255a5fd40e4795b29e7
FR*EVZ*ECADY*1,FREVZECADY1,d369901a61db4255a5fd40e4795b29e7
FR*EVZ*ECADY*2,FREVZECADY2,d369901a61db4255a5fd40e4795b29e7
FR*EVZ*ECAIN*1,FREVZECAIN1,303a999db1e8436d891395637110fbb2
FR*EVZ*ECALA*1,FREVZECALA1,d369901a61db4255a5fd40e4795b29e7
FR*EVZ*ECALA*2,FREVZECALA2,d369901a61db4255a5fd40e4795b29e7
FR*EVZ*ECALI*1,FREVZECALI1,d369901a61db4255a5fd40e4795b29e7
FR*EVZ*ECALI*2,FREVZECALI2,d369901a61db4255a5fd40e4795b29e7
FR*EVZ*ECALY*1,FREVZECALY1,d369901a61db4255a5fd40e4795b29e7
FR*EVZ*ECALY*2,FREVZECALY2,d369901a61db4255a5fd40e4795b29e7
FR*EVZ*ECAMA*1,FREVZECAMA1,303a999db1e8436d891395637110fbb2
FR*EVZ*ECAPP*1,FREVZECAPP1,d369901a61db4255a5fd40e4795b29e7
FR*EVZ*ECAPP*2,FREVZECAPP2,d369901a61db4255a5fd40e4795b29e7
FR*EVZ*ECARL*1,FREVZECARL1,303a999db1e8436d891395637110fbb2
FR*EVZ*ECASI*1,FREVZECASI1,303a999db1e8436d891395637110fbb2
FR*EVZ*ECASY*1,FREVZECASY1,303a999db1e8436d891395637110fbb2
FR*EVZ*ECATI*1,FREVZECATI1,d369901a61db4255a5fd40e4795b29e7
FR*EVZ*ECATI*2,FREVZECATI2,d369901a61db4255a5fd40e4795b29e7
FR*EVZ*ECATY*1,FREVZECATY1,d369901a61db4255a5fd40e4795b29e7
FR*EVZ*ECATY*2,FREVZECATY2,d369901a61db4255a5fd40e4795b29e7
FR*EVZ*ECECY*1,FREVZECECY1,d369901a61db4255a5fd40e4795b29e7
FR*EVZ*ECECY*2,FREVZECECY2,d369901a61db4255a5fd40e4795b29e7
FR*EVZ*ECELA*1,FREVZECELA1,d369901a61db4255a5fd40e4795b29e7
FR*EVZ*ECELA*2,FREVZECELA2,d369901a61db4255a5fd40e4795b29e7
FR*EVZ*ECETH*1,FREVZECETH1,303a999db1e8436d891395637110fbb2
FR*EVZ*ECHED*1,FREVZECHED1,303a999db1e8436d891395637110fbb2
FR*EVZ*ECHEK*1,FREVZECHEK1,d369901a61db4255a5fd40e4795b29e7
FR*EVZ*ECHEK*2,FREVZECHEK2,d369901a61db4255a5fd40e4795b29e7
FR*EVZ*ECHER*1,FREVZECHER1,d369901a61db4255a5fd40e4795b29e7
FR*EVZ*ECHER*2,FREVZECHER2,d369901a61db4255a5fd40e4795b29e7
FR*EVZ*ECIAN*1,FREVZECIAN1,d369901a61db4255a5fd40e4795b29e7
FR*EVZ*ECIAN*2,FREVZECIAN2,d369901a61db4255a5fd40e4795b29e7
FR*EVZ*ECIEL*1,FREVZECIEL1,d369901a61db4255a5fd40e4795b29e7
FR*EVZ*ECIEL*2,FREVZECIEL2,d369901a61db4255a5fd40e4795b29e7
FR*EVZ*ECLAY*1,FREVZECLAY1,303a999db1e8436d891395637110fbb2
FR*EVZ*ECLEA*1,FREVZECLEA1,d369901a61db4255a5fd40e4795b29e7
FR*EVZ*ECLEA*2,FREVZECLEA2,d369901a61db4255a5fd40e4795b29e7
FR*EVZ*ECLOY*1,FREVZECLOY1,d369901a61db4255a5fd40e4795b29e7
FR*EVZ*ECLOY*2,FREVZECLOY2,d369901a61db4255a5fd40e4795b29e7
FR*EVZ*ECOBI*1,FREVZECOBI1,d369901a61db4255a5fd40e4795b29e7
FR*EVZ*ECOBI*2,FREVZECOBI2,d369901a61db4255a5fd40e4795b29e7
FR*EVZ*ECOEY*1,FREVZECOEY1,d369901a61db4255a5fd40e4795b29e7
FR*EVZ*ECOEY*2,FREVZECOEY2,d369901a61db4255a5fd40e4795b29e7
FR*EVZ*ECOKE*1,FREVZECOKE1,d369901a61db4255a5fd40e4795b29e7
FR*EVZ*ECOKE*2,FREVZECOKE2,d369901a61db4255a5fd40e4795b29e7
FR*EVZ*ECONG*1,FREVZECONG1,303a999db1e8436d891395637110fbb2
FR*EVZ*ECONI*1,FREVZECONI1,d369901a61db4255a5fd40e4795b29e7
FR*EVZ*ECONI*2,FREVZECONI2,d369901a61db4255a5fd40e4795b29e7
FR*EVZ*ECONN*1,FREVZECONN1,d369901a61db4255a5fd40e4795b29e7
FR*EVZ*ECONN*2,FREVZECONN2,d369901a61db4255a5fd40e4795b29e7
FR*EVZ*ECONO*1,FREVZECONO1,d369901a61db4255a5fd40e4795b29e7
FR*EVZ*ECONO*2,FREVZECONO2,d369901a61db4255a5fd40e4795b29e7
FR*EVZ*ECOPE*1,FREVZECOPE1,d369901a61db4255a5fd40e4795b29e7
FR*EVZ*ECOPE*2,FREVZECOPE2,d369901a61db4255a5fd40e4795b29e7
FR*EVZ*ECORA*1,FREVZECORA1,d369901a61db4255a5fd40e4795b29e7
FR*EVZ*ECORA*2,FREVZECORA2,d369901a61db4255a5fd40e4795b29e7
FR*EVZ*ECORY*1,FREVZECORY1,303a999db1e8436d891395637110fbb2
FR*EVZ*ECOTY*1,FREVZECOTY1,d369901a61db4255a5fd40e4795b29e7
FR*EVZ*ECOTY*2,FREVZECOTY2,d369901a61db4255a5fd40e4795b29e7
FR*EVZ*ECOVY*1,FREVZECOVY1,d369901a61db4255a5fd40e4795b29e7
FR*EVZ*ECOVY*2,FREVZECOVY2,303a999db1e8436d891395637110fbb2
FR*EVZ*ECREE*1,FREVZECREE1,b5dafd86e84b4243b906ead05482058a
FR*EVZ*ECREE*2,FREVZECREE2,b5dafd86e84b4243b906ead05482058a
FR*EVZ*ECRIS*1,FREVZECRIS1,d369901a61db4255a5fd40e4795b29e7
FR*EVZ*ECRIS*2,FREVZECRIS2,d369901a61db4255a5fd40e4795b29e7
FR*EVZ*ECUCA*1,FREVZECUCA1,b5dafd86e84b4243b906ead05482058a
FR*EVZ*ECUCA*2,FREVZECUCA2,b5dafd86e84b4243b906ead05482058a
FR*EVZ*EDAAN*1,FREVZEDAAN1,303a999db1e8436d891395637110fbb2
FR*EVZ*EDACE*1,FREVZEDACE1,d369901a61db4255a5fd40e4795b29e7
FR*EVZ*EDACE*2,FREVZEDACE2,d369901a61db4255a5fd40e4795b29e7
FR*EVZ*EDACI*1,FREVZEDACI1,303a999db1e8436d891395637110fbb2
FR*EVZ*EDAIL*1,FREVZEDAIL1,d369901a61db4255a5fd40e4795b29e7
FR*EVZ*EDAIL*2,FREVZEDAIL2,d369901a61db4255a5fd40e4795b29e7
FR*EVZ*EDAIR*1,FREVZEDAIR1,303a999db1e8436d891395637110fbb2
FR*EVZ*EDAKE*1,FREVZEDAKE1,d369901a61db4255a5fd40e4795b29e7
FR*EVZ*EDAKE*2,FREVZEDAKE2,d369901a61db4255a5fd40e4795b29e7
FR*EVZ*EDALL*1,FREVZEDALL1,d369901a61db4255a5fd40e4795b29e7
FR*EVZ*EDALL*2,FREVZEDALL2,d369901a61db4255a5fd40e4795b29e7
FR*EVZ*EDAMA*1,FREVZEDAMA1,d369901a61db4255a5fd40e4795b29e7
FR*EVZ*EDAMA*2,FREVZEDAMA2,d369901a61db4255a5fd40e4795b29e7
FR*EVZ*EDANY*1,FREVZEDANY1,d369901a61db4255a5fd40e4795b29e7
FR*EVZ*EDANY*2,FREVZEDANY2,d369901a61db4255a5fd40e4795b29e7
FR*EVZ*EDART*1,FREVZEDART1,303a999db1e8436d891395637110fbb2
FR*EVZ*EDAUN*1,FREVZEDAUN1,303a999db1e8436d891395637110fbb2
FR*EVZ*EDAVE*1,FREVZEDAVE1,303a999db1e8436d891395637110fbb2
FR*EVZ*EDAVI*1,FREVZEDAVI1,d369901a61db4255a5fd40e4795b29e7
FR*EVZ*EDAVI*2,FREVZEDAVI2,d369901a61db4255a5fd40e4795b29e7
FR*EVZ*EDEBI*1,FREVZEDEBI1,d369901a61db4255a5fd40e4795b29e7
FR*EVZ*EDEBI*2,FREVZEDEBI2,d369901a61db4255a5fd40e4795b29e7
FR*EVZ*EDEBR*1,FREVZEDEBR1,d369901a61db4255a5fd40e4795b29e7
FR*EVZ*EDEBR*2,FREVZEDEBR2,d369901a61db4255a5fd40e4795b29e7
FR*EVZ*EDEDE*1,FREVZEDEDE1,d369901a61db4255a5fd40e4795b29e7
FR*EVZ*EDEDE*2,FREVZEDEDE2,d369901a61db4255a5fd40e4795b29e7
FR*EVZ*EDEEN*1,FREVZEDEEN1,303a999db1e8436d891395637110fbb2
FR*EVZ*EDEMA*1,FREVZEDEMA1,d369901a61db4255a5fd40e4795b29e7
FR*EVZ*EDEMA*2,FREVZEDEMA2,d369901a61db4255a5fd40e4795b29e7
FR*EVZ*EDENE*1,FREVZEDENE1,b5dafd86e84b4243b906ead05482058a
FR*EVZ*EDENE*2,FREVZEDENE2,b5dafd86e84b4243b906ead05482058a
FR*EVZ*EDERI*1,FREVZEDERI1,303a999db1e8436d891395637110fbb2
FR*EVZ*EDESA*1,FREVZEDESA1,d369901a61db4255a5fd40e4795b29e7
FR*EVZ*EDESA*2,FREVZEDESA2,d369901a61db4255a5fd40e4795b29e7
FR*EVZ*EDESI*1,FREVZEDESI1,d369901a61db4255a5fd40e4795b29e7
FR*EVZ*EDESI*2,FREVZEDESI2,d369901a61db4255a5fd40e4795b29e7
FR*EVZ*EDEVA*1,FREVZEDEVA1,b5dafd86e84b4243b906ead05482058a
FR*EVZ*EDEVA*2,FREVZEDEVA2,b5dafd86e84b4243b906ead05482058a
FR*EVZ*EDEYA*1,FREVZEDEYA1,d369901a61db4255a5fd40e4795b29e7
FR*EVZ*EDEYA*2,FREVZEDEYA2,d369901a61db4255a5fd40e4795b29e7
FR*EVZ*EDIAL*1,FREVZEDIAL1,d369901a61db4255a5fd40e4795b29e7
FR*EVZ*EDIAL*2,FREVZEDIAL2,d369901a61db4255a5fd40e4795b29e7
FR*EVZ*EDIAR*1,FREVZEDIAR1,d369901a61db4255a5fd40e4795b29e7
FR*EVZ*EDIAR*2,FREVZEDIAR2,d369901a61db4255a5fd40e4795b29e7
FR*EVZ*EDIDI*1,FREVZEDIDI1,303a999db1e8436d891395637110fbb2
FR*EVZ*EDIDI*2,FREVZEDIDI2,303a999db1e8436d891395637110fbb2
FR*EVZ*EDIOR*1,FREVZEDIOR1,d369901a61db4255a5fd40e4795b29e7
FR*EVZ*EDIOR*2,FREVZEDIOR2,d369901a61db4255a5fd40e4795b29e7
FR*EVZ*EDIRK*1,FREVZEDIRK1,303a999db1e8436d891395637110fbb2
FR*EVZ*EDIRK*2,FREVZEDIRK2,303a999db1e8436d891395637110fbb2
FR*EVZ*EDISA*1,FREVZEDISA1,303a999db1e8436d891395637110fbb2
FR*EVZ*EDIXI*1,FREVZEDIXI1,d369901a61db4255a5fd40e4795b29e7
FR*EVZ*EDIXI*2,FREVZEDIXI2,d369901a61db4255a5fd40e4795b29e7
FR*EVZ*EDJIM*1,FREVZEDJIM1,303a999db1e8436d891395637110fbb2
FR*EVZ*EDJIM*2,FREVZEDJIM2,303a999db1e8436d891395637110fbb2
FR*EVZ*EDMAR*1,FREVZEDMAR1,d369901a61db4255a5fd40e4795b29e7
FR*EVZ*EDMAR*2,FREVZEDMAR2,d369901a61db4255a5fd40e4795b29e7
FR*EVZ*EDOAA*1,FREVZEDOAA1,303a999db1e8436d891395637110fbb2
FR*EVZ*EDOAN*1,FREVZEDOAN1,d369901a61db4255a5fd40e4795b29e7
FR*EVZ*EDOAN*2,FREVZEDOAN2,d369901a61db4255a5fd40e4795b29e7
FR*EVZ*EDOIS*1,FREVZEDOIS1,d369901a61db4255a5fd40e4795b29e7
FR*EVZ*EDOIS*2,FREVZEDOIS2,d369901a61db4255a5fd40e4795b29e7
FR*EVZ*EDOLA*1,FREVZEDOLA1,303a999db1e8436d891395637110fbb2
FR*EVZ*EDONE*1,FREVZEDONE1,d369901a61db4255a5fd40e4795b29e7
FR*EVZ*EDONE*2,FREVZEDONE2,d369901a61db4255a5fd40e4795b29e7
FR*EVZ*EDONI*1,FREVZEDONI1,d369901a61db4255a5fd40e4795b29e7
FR*EVZ*EDONI*2,FREVZEDONI2,d369901a61db4255a5fd40e4795b29e7
FR*EVZ*EDONN*1,FREVZEDONN1,d369901a61db4255a5fd40e4795b29e7
FR*EVZ*EDONN*2,FREVZEDONN2,d369901a61db4255a5fd40e4795b29e7
FR*EVZ*EDOSS*1,FREVZEDOSS1,d369901a61db4255a5fd40e4795b29e7
FR*EVZ*EDOSS*2,FREVZEDOSS2,d369901a61db4255a5fd40e4795b29e7
FR*EVZ*EDOVI*1,FREVZEDOVI1,303a999db1e8436d891395637110fbb2
FR*EVZ*EDOYE*1,FREVZEDOYE1,303a999db1e8436d891395637110fbb2
FR*EVZ*EDREU*1,FREVZEDREU1,d369901a61db4255a5fd40e4795b29e7
FR*EVZ*EDREU*2,FREVZEDREU2,d369901a61db4255a5fd40e4795b29e7
FR*EVZ*EDUAA*1,FREVZEDUAA1,d369901a61db4255a5fd40e4795b29e7
FR*EVZ*EDUAA*2,FREVZEDUAA2,d369901a61db4255a5fd40e4795b29e7
FR*EVZ*EDUCE*1,FREVZEDUCE1,303a999db1e8436d891395637110fbb2
FR*EVZ*EDUKE*1,FREVZEDUKE1,d369901a61db4255a5fd40e4795b29e7
FR*EVZ*EDUKE*2,FREVZEDUKE2,d369901a61db4255a5fd40e4795b29e7
FR*EVZ*EDVIR*1,FREVZEDVIR1,b5dafd86e84b4243b906ead05482058a
FR*EVZ*EDVIR*2,FREVZEDVIR2,b5dafd86e84b4243b906ead05482058a
FR*EVZ*EDWEN*1,FREVZEDWEN1,d369901a61db4255a5fd40e4795b29e7
FR*EVZ*EDWEN*2,FREVZEDWEN2,d369901a61db4255a5fd40e4795b29e7
FR*EVZ*EDWIJ*1,FREVZEDWIJ1,303a999db1e8436d891395637110fbb2
FR*EVZ*EDYER*1,FREVZEDYER1,303a999db1e8436d891395637110fbb2
FR*EVZ*EDYKE*1,FREVZEDYKE1,d369901a61db4255a5fd40e4795b29e7
FR*EVZ*EDYKE*2,FREVZEDYKE2,d369901a61db4255a5fd40e4795b29e7
FR*EVZ*EDYON*1,FREVZEDYON1,d369901a61db4255a5fd40e4795b29e7
FR*EVZ*EDYON*2,FREVZEDYON2,d369901a61db4255a5fd40e4795b29e7
FR*EVZ*EEARL*1,FREVZEEARL1,d369901a61db4255a5fd40e4795b29e7
FR*EVZ*EEARL*2,FREVZEEARL2,d369901a61db4255a5fd40e4795b29e7
FR*EVZ*EEBBE*1,FREVZEEBBE1,d369901a61db4255a5fd40e4795b29e7
FR*EVZ*EEBBE*2,FREVZEEBBE2,d369901a61db4255a5fd40e4795b29e7
FR*EVZ*EEBBY*1,FREVZEEBBY1,303a999db1e8436d891395637110fbb2
FR*EVZ*EEBEN*1,FREVZEEBEN1,303a999db1e8436d891395637110fbb2
FR*EVZ*EEDEK*1,FREVZEEDEK1,d369901a61db4255a5fd40e4795b29e7
FR*EVZ*EEDEK*2,FREVZEEDEK2,d369901a61db4255a5fd40e4795b29e7
FR*EVZ*EEDEM*1,FREVZEEDEM1,d369901a61db4255a5fd40e4795b29e7
FR*EVZ*EEDEM*2,FREVZEEDEM2,d369901a61db4255a5fd40e4795b29e7
FR*EVZ*EEDHY*1,FREVZEEDHY1,d369901a61db4255a5fd40e4795b29e7
FR*EVZ*EEDHY*2,FREVZEEDHY2,d369901a61db4255a5fd40e4795b29e7
FR*EVZ*EEDID*1,FREVZEEDID1,303a999db1e8436d891395637110fbb2
FR*EVZ*EEDIE*1,FREVZEEDIE1,d369901a61db4255a5fd40e4795b29e7
FR*EVZ*EEDIE*2,FREVZEEDIE2,d369901a61db4255a5fd40e4795b29e7
FR*EVZ*EEDIM*1,FREVZEEDIM1,303a999db1e8436d891395637110fbb2
FR*EVZ*EEDIN*1,FREVZEEDIN1,303a999db1e8436d891395637110fbb2
FR*EVZ*EEDRA*1,FREVZEEDRA1,d369901a61db4255a5fd40e4795b29e7
FR*EVZ*EEDRA*2,FREVZEEDRA2,d369901a61db4255a5fd40e4795b29e7
FR*EVZ*EEERO*1,FREVZEEERO1,303a999db1e8436d891395637110fbb2
FR*EVZ*EEFFA*1,FREVZEEFFA1,303a999db1e8436d891395637110fbb2
FR*EVZ*EEFFA*2,FREVZEEFFA2,303a999db1e8436d891395637110fbb2
FR*EVZ*EEFSA*1,FREVZEEFSA1,303a999db1e8436d891395637110fbb2
FR*EVZ*EELAA*1,FREVZEELAA1,d369901a61db4255a5fd40e4795b29e7
FR*EVZ*EELAA*2,FREVZEELAA2,d369901a61db4255a5fd40e4795b29e7
FR*EVZ*EELAD*1,FREVZEELAD1,d369901a61db4255a5fd40e4795b29e7
FR*EVZ*EELAD*2,FREVZEELAD2,d369901a61db4255a5fd40e4795b29e7
FR*EVZ*EELAF*1,FREVZEELAF1,d369901a61db4255a5fd40e4795b29e7
FR*EVZ*EELAF*2,FREVZEELAF2,d369901a61db4255a5fd40e4795b29e7
FR*EVZ*EELEA*1,FREVZEELEA1,303a999db1e8436d891395637110fbb2
FR*EVZ*EELET*1,FREVZEELET1,d369901a61db4255a5fd40e4795b29e7
FR*EVZ*EELET*2,FREVZEELET2,d369901a61db4255a5fd40e4795b29e7
FR*EVZ*EELFY*1,FREVZEELFY1,d369901a61db4255a5fd40e4795b29e7
FR*EVZ*EELFY*2,FREVZEELFY2,d369901a61db4255a5fd40e4795b29e7
FR*EVZ*EELIE*1,FREVZEELIE1,303a999db1e8436d891395637110fbb2
FR*EVZ*EELII*1,FREVZEELII1,303a999db1e8436d891395637110fbb2
FR*EVZ*EELIU*1,FREVZEELIU1,d369901a61db4255a5fd40e4795b29e7
FR*EVZ*EELIU*2,FREVZEELIU2,d369901a61db4255a5fd40e4795b29e7
FR*EVZ*EELKA*1,FREVZEELKA1,303a999db1e8436d891395637110fbb2
FR*EVZ*EELKE*1,FREVZEELKE1,d369901a61db4255a5fd40e4795b29e7
FR*EVZ*EELKE*2,FREVZEELKE2,d369901a61db4255a5fd40e4795b29e7
FR*EVZ*EELLY*1,FREVZEELLY1,d369901a61db4255a5fd40e4795b29e7
FR*EVZ*EELLY*2,FREVZEELLY2,d369901a61db4255a5fd40e4795b29e7
FR*EVZ*EELMA*1,FREVZEELMA1,d369901a61db4255a5fd40e4795b29e7
FR*EVZ*EELMA*2,FREVZEELMA2,d369901a61db4255a5fd40e4795b29e7
FR*EVZ*EELOE*1,FREVZEELOE1,b5dafd86e84b4243b906ead05482058a
FR*EVZ*EELOE*2,FREVZEELOE2,b5dafd86e84b4243b906ead05482058a
FR*EVZ*EELOF*1,FREVZEELOF1,d369901a61db4255a5fd40e4795b29e7
FR*EVZ*EELOF*2,FREVZEELOF2,d369901a61db4255a5fd40e4795b29e7
FR*EVZ*EELOM*1,FREVZEELOM1,d369901a61db4255a5fd40e4795b29e7
FR*EVZ*EELOM*2,FREVZEELOM2,d369901a61db4255a5fd40e4795b29e7
FR*EVZ*EELRA*1,FREVZEELRA1,303a999db1e8436d891395637110fbb2
FR*EVZ*EELSA*1,FREVZEELSA1,d369901a61db4255a5fd40e4795b29e7
FR*EVZ*EELSA*2,FREVZEELSA2,d369901a61db4255a5fd40e4795b29e7
FR*EVZ*EELSO*1,FREVZEELSO1,303a999db1e8436d891395637110fbb2
FR*EVZ*EELVY*1,FREVZEELVY1,303a999db1e8436d891395637110fbb2
FR*EVZ*EELYS*1,FREVZEELYS1,9390bdd487804336807aaf69768e03df
FR*EVZ*EELZA*1,FREVZEELZA1,d369901a61db4255a5fd40e4795b29e7
FR*EVZ*EELZA*2,FREVZEELZA2,d369901a61db4255a5fd40e4795b29e7
FR*EVZ*EEMEL*1,FREVZEEMEL1,d369901a61db4255a5fd40e4795b29e7
FR*EVZ*EEMEL*2,FREVZEEMEL2,d369901a61db4255a5fd40e4795b29e7
FR*EVZ*EEMIL*1,FREVZEEMIL1,d369901a61db4255a5fd40e4795b29e7
FR*EVZ*EEMIL*2,FREVZEEMIL2,d369901a61db4255a5fd40e4795b29e7
FR*EVZ*EEMJI*1,FREVZEEMJI1,d369901a61db4255a5fd40e4795b29e7
FR*EVZ*EEMJI*2,FREVZEEMJI2,d369901a61db4255a5fd40e4795b29e7
FR*EVZ*EEMJY*1,FREVZEEMJY1,d369901a61db4255a5fd40e4795b29e7
FR*EVZ*EEMJY*2,FREVZEEMJY2,d369901a61db4255a5fd40e4795b29e7
FR*EVZ*EEMMA*1,FREVZEEMMA1,303a999db1e8436d891395637110fbb2
FR*EVZ*EEMMI*1,FREVZEEMMI1,303a999db1e8436d891395637110fbb2
FR*EVZ*EEMRI*1,FREVZEEMRI1,303a999db1e8436d891395637110fbb2
FR*EVZ*EEMYA*1,FREVZEEMYA1,d369901a61db4255a5fd40e4795b29e7
FR*EVZ*EEMYA*2,FREVZEEMYA2,d369901a61db4255a5fd40e4795b29e7
FR*EVZ*EEMYE*1,FREVZEEMYE1,d369901a61db4255a5fd40e4795b29e7
FR*EVZ*EEMYE*2,FREVZEEMYE2,d369901a61db4255a5fd40e4795b29e7
FR*EVZ*EEMYR*1,FREVZEEMYR1,d369901a61db4255a5fd40e4795b29e7
FR*EVZ*EEMYR*2,FREVZEEMYR2,d369901a61db4255a5fd40e4795b29e7
FR*EVZ*EENKI*1,FREVZEENKI1,d369901a61db4255a5fd40e4795b29e7
FR*EVZ*EENKI*2,FREVZEENKI2,d369901a61db4255a5fd40e4795b29e7
FR*EVZ*EENMA*1,FREVZEENMA1,d369901a61db4255a5fd40e4795b29e7
FR*EVZ*EENMA*2,FREVZEENMA2,d369901a61db4255a5fd40e4795b29e7
FR*EVZ*EENNA*1,FREVZEENNA1,d369901a61db4255a5fd40e4795b29e7
FR*EVZ*EENNA*2,FREVZEENNA2,d369901a61db4255a5fd40e4795b29e7
FR*EVZ*EENOC*1,FREVZEENOC1,b5dafd86e84b4243b906ead05482058a
FR*EVZ*EENOC*2,FREVZEENOC2,b5dafd86e84b4243b906ead05482058a
FR*EVZ*EENRY*1,FREVZEENRY1,303a999db1e8436d891395637110fbb2
FR*EVZ*EENRY*2,FREVZEENRY2,303a999db1e8436d891395637110fbb2
FR*EVZ*EENYA*1,FREVZEENYA1,d369901a61db4255a5fd40e4795b29e7
FR*EVZ*EENYA*2,FREVZEENYA2,d369901a61db4255a5fd40e4795b29e7
FR*EVZ*EENYS*1,FREVZEENYS1,d369901a61db4255a5fd40e4795b29e7
FR*EVZ*EENYS*2,FREVZEENYS2,d369901a61db4255a5fd40e4795b29e7
FR*EVZ*EEOIN*1,FREVZEEOIN1,d369901a61db4255a5fd40e4795b29e7
FR*EVZ*EEOIN*2,FREVZEEOIN2,d369901a61db4255a5fd40e4795b29e7
FR*EVZ*EERBY*1,FREVZEERBY1,303a999db1e8436d891395637110fbb2
FR*EVZ*EERBY*2,FREVZEERBY2,303a999db1e8436d891395637110fbb2
FR*EVZ*EERDI*1,FREVZEERDI1,b5dafd86e84b4243b906ead05482058a
FR*EVZ*EERDI*2,FREVZEERDI2,b5dafd86e84b4243b906ead05482058a
FR*EVZ*EEREC*1,FREVZEEREC1,303a999db1e8436d891395637110fbb2
FR*EVZ*EEREL*1,FREVZEEREL1,303a999db1e8436d891395637110fbb2
FR*EVZ*EERIL*1,FREVZEERIL1,d369901a61db4255a5fd40e4795b29e7
FR*EVZ*EERIL*2,FREVZEERIL2,d369901a61db4255a5fd40e4795b29e7
FR*EVZ*EERIQ*1,FREVZEERIQ1,303a999db1e8436d891395637110fbb2
FR*EVZ*EERKA*1,FREVZEERKA1,303a999db1e8436d891395637110fbb2
FR*EVZ*EEROZ*1,FREVZEEROZ1,d369901a61db4255a5fd40e4795b29e7
FR*EVZ*EEROZ*2,FREVZEEROZ2,d369901a61db4255a5fd40e4795b29e7
FR*EVZ*EERUM*1,FREVZEERUM1,303a999db1e8436d891395637110fbb2
FR*EVZ*EERVA*1,FREVZEERVA1,d369901a61db4255a5fd40e4795b29e7
FR*EVZ*EERVA*2,FREVZEERVA2,d369901a61db4255a5fd40e4795b29e7
FR*EVZ*EERVY*1,FREVZEERVY1,d369901a61db4255a5fd40e4795b29e7
FR*EVZ*EERVY*2,FREVZEERVY2,d369901a61db4255a5fd40e4795b29e7
FR*EVZ*EERYC*1,FREVZEERYC1,d369901a61db4255a5fd40e4795b29e7
FR*EVZ*EERYC*2,FREVZEERYC2,d369901a61db4255a5fd40e4795b29e7
FR*EVZ*EERYK*1,FREVZEERYK1,9390bdd487804336807aaf69768e03df
FR*EVZ*EERYK*2,FREVZEERYK2,9390bdd487804336807aaf69768e03df
FR*EVZ*EERYX*1,FREVZEERYX1,303a999db1e8436d891395637110fbb2
FR*EVZ*EESAI*1,FREVZEESAI1,303a999db1e8436d891395637110fbb2
FR*EVZ*EESAW*1,FREVZEESAW1,d369901a61db4255a5fd40e4795b29e7
FR*EVZ*EESAW*2,FREVZEESAW2,d369901a61db4255a5fd40e4795b29e7
FR*EVZ*EESHA*1,FREVZEESHA1,303a999db1e8436d891395637110fbb2
FR*EVZ*EESPY*1,FREVZEESPY1,303a999db1e8436d891395637110fbb2
FR*EVZ*EESTI*1,FREVZEESTI1,d369901a61db4255a5fd40e4795b29e7
FR*EVZ*EESTI*2,FREVZEESTI2,d369901a61db4255a5fd40e4795b29e7
FR*EVZ*EETTY*1,FREVZEETTY1,d369901a61db4255a5fd40e4795b29e7
FR*EVZ*EETTY*2,FREVZEETTY2,d369901a61db4255a5fd40e4795b29e7
FR*EVZ*EEUNA*1,FREVZEEUNA1,d369901a61db4255a5fd40e4795b29e7
FR*EVZ*EEUNA*2,FREVZEEUNA2,d369901a61db4255a5fd40e4795b29e7
FR*EVZ*EEURI*1,FREVZEEURI1,d369901a61db4255a5fd40e4795b29e7
FR*EVZ*EEURI*2,FREVZEEURI2,d369901a61db4255a5fd40e4795b29e7
FR*EVZ*EEUVA*1,FREVZEEUVA1,d369901a61db4255a5fd40e4795b29e7
FR*EVZ*EEUVA*2,FREVZEEUVA2,d369901a61db4255a5fd40e4795b29e7
FR*EVZ*EEVEL*1,FREVZEEVEL1,303a999db1e8436d891395637110fbb2
FR*EVZ*EEVER*1,FREVZEEVER1,d369901a61db4255a5fd40e4795b29e7
FR*EVZ*EEVER*2,FREVZEEVER2,d369901a61db4255a5fd40e4795b29e7
FR*EVZ*EEVEY*1,FREVZEEVEY1,303a999db1e8436d891395637110fbb2
FR*EVZ*EEVRA*1,FREVZEEVRA1,d369901a61db4255a5fd40e4795b29e7
FR*EVZ*EEVRA*2,FREVZEEVRA2,d369901a61db4255a5fd40e4795b29e7
FR*EVZ*EEWEL*1,FREVZEEWEL1,d369901a61db4255a5fd40e4795b29e7
FR*EVZ*EEWEL*2,FREVZEEWEL2,d369901a61db4255a5fd40e4795b29e7
FR*EVZ*EEWEN*1,FREVZEEWEN1,b5dafd86e84b4243b906ead05482058a
FR*EVZ*EEWEN*2,FREVZEEWEN2,b5dafd86e84b4243b906ead05482058a
FR*EVZ*EEYUP*1,FREVZEEYUP1,9390bdd487804336807aaf69768e03df
FR*EVZ*EEYVA*1,FREVZEEYVA1,303a999db1e8436d891395637110fbb2
FR*EVZ*EEZER*1,FREVZEEZER1,b5dafd86e84b4243b906ead05482058a
FR*EVZ*EEZER*2,FREVZEEZER2,b5dafd86e84b4243b906ead05482058a
FR*EVZ*EEZIA*1,FREVZEEZIA1,d369901a61db4255a5fd40e4795b29e7
FR*EVZ*EEZIA*2,FREVZEEZIA2,d369901a61db4255a5fd40e4795b29e7
FR*EVZ*EFAFA*1,FREVZEFAFA1,303a999db1e8436d891395637110fbb2
FR*EVZ*EFAJR*1,FREVZEFAJR1,303a999db1e8436d891395637110fbb2
FR*EVZ*EFAJR*10,FREVZEFAJR10,303a999db1e8436d891395637110fbb2
FR*EVZ*EFAJR*11,FREVZEFAJR11,303a999db1e8436d891395637110fbb2
FR*EVZ*EFAJR*12,FREVZEFAJR12,303a999db1e8436d891395637110fbb2
FR*EVZ*EFAJR*13,FREVZEFAJR13,303a999db1e8436d891395637110fbb2
FR*EVZ*EFAJR*14,FREVZEFAJR14,303a999db1e8436d891395637110fbb2
FR*EVZ*EFAJR*15,FREVZEFAJR15,303a999db1e8436d891395637110fbb2
FR*EVZ*EFAJR*16,FREVZEFAJR16,303a999db1e8436d891395637110fbb2
FR*EVZ*EFAJR*17,FREVZEFAJR17,303a999db1e8436d891395637110fbb2
FR*EVZ*EFAJR*18,FREVZEFAJR18,303a999db1e8436d891395637110fbb2
FR*EVZ*EFAJR*2,FREVZEFAJR2,303a999db1e8436d891395637110fbb2
FR*EVZ*EFAJR*3,FREVZEFAJR3,303a999db1e8436d891395637110fbb2
FR*EVZ*EFAJR*4,FREVZEFAJR4,303a999db1e8436d891395637110fbb2
FR*EVZ*EFAJR*5,FREVZEFAJR5,303a999db1e8436d891395637110fbb2
FR*EVZ*EFAJR*6,FREVZEFAJR6,303a999db1e8436d891395637110fbb2
FR*EVZ*EFAJR*7,FREVZEFAJR7,303a999db1e8436d891395637110fbb2
FR*EVZ*EFAJR*8,FREVZEFAJR8,303a999db1e8436d891395637110fbb2
FR*EVZ*EFAJR*9,FREVZEFAJR9,303a999db1e8436d891395637110fbb2
FR*EVZ*EFARA*1,FREVZEFARA1,d369901a61db4255a5fd40e4795b29e7
FR*EVZ*EFARA*2,FREVZEFARA2,d369901a61db4255a5fd40e4795b29e7
FR*EVZ*EFATI*1,FREVZEFATI1,d369901a61db4255a5fd40e4795b29e7
FR*EVZ*EFATI*2,FREVZEFATI2,d369901a61db4255a5fd40e4795b29e7
FR*EVZ*EFERN*1,FREVZEFERN1,b5dafd86e84b4243b906ead05482058a
FR*EVZ*EFERN*2,FREVZEFERN2,b5dafd86e84b4243b906ead05482058a
FR*EVZ*EFIBY*1,FREVZEFIBY1,d369901a61db4255a5fd40e4795b29e7
FR*EVZ*EFIBY*2,FREVZEFIBY2,d369901a61db4255a5fd40e4795b29e7
FR*EVZ*EFION*1,FREVZEFION1,d369901a61db4255a5fd40e4795b29e7
FR*EVZ*EFION*2,FREVZEFION2,d369901a61db4255a5fd40e4795b29e7
FR*EVZ*EFOCH*1,FREVZEFOCH1,d369901a61db4255a5fd40e4795b29e7
FR*EVZ*EFOCH*2,FREVZEFOCH2,d369901a61db4255a5fd40e4795b29e7
FR*EVZ*EFORT*1,FREVZEFORT1,d369901a61db4255a5fd40e4795b29e7
FR*EVZ*EFORT*2,FREVZEFORT2,d369901a61db4255a5fd40e4795b29e7
FR*EVZ*EFRAN*1,FREVZEFRAN1,d369901a61db4255a5fd40e4795b29e7
FR*EVZ*EFRAN*2,FREVZEFRAN2,d369901a61db4255a5fd40e4795b29e7
FR*EVZ*EFURY*1,FREVZEFURY1,303a999db1e8436d891395637110fbb2
FR*EVZ*EGAEA*1,FREVZEGAEA1,b5dafd86e84b4243b906ead05482058a
FR*EVZ*EGAEA*2,FREVZEGAEA2,b5dafd86e84b4243b906ead05482058a
FR*EVZ*EGANT*1,FREVZEGANT1,9390bdd487804336807aaf69768e03df
FR*EVZ*EGANT*2,FREVZEGANT2,9390bdd487804336807aaf69768e03df
FR*EVZ*EGARI*1,FREVZEGARI1,303a999db1e8436d891395637110fbb2
FR*EVZ*EGAUD*1,FREVZEGAUD1,303a999db1e8436d891395637110fbb2
FR*EVZ*EGAYE*1,FREVZEGAYE1,303a999db1e8436d891395637110fbb2
FR*EVZ*EGEON*1,FREVZEGEON1,b5dafd86e84b4243b906ead05482058a
FR*EVZ*EGEON*2,FREVZEGEON2,b5dafd86e84b4243b906ead05482058a
FR*EVZ*EGERE*1,FREVZEGERE1,b5dafd86e84b4243b906ead05482058a
FR*EVZ*EGERE*2,FREVZEGERE2,b5dafd86e84b4243b906ead05482058a
FR*EVZ*EGERY*1,FREVZEGERY1,303a999db1e8436d891395637110fbb2
FR*EVZ*EGILI*1,FREVZEGILI1,9390bdd487804336807aaf69768e03df
FR*EVZ*EGILI*2,FREVZEGILI2,9390bdd487804336807aaf69768e03df
FR*EVZ*EGIRL*1,FREVZEGIRL1,303a999db1e8436d891395637110fbb2
FR*EVZ*EGJON*1,FREVZEGJON1,d369901a61db4255a5fd40e4795b29e7
FR*EVZ*EGJON*2,FREVZEGJON2,d369901a61db4255a5fd40e4795b29e7
FR*EVZ*EGLEE*1,FREVZEGLEE1,303a999db1e8436d891395637110fbb2
FR*EVZ*EGLEN*1,FREVZEGLEN1,303a999db1e8436d891395637110fbb2
FR*EVZ*EGORA*1,FREVZEGORA1,303a999db1e8436d891395637110fbb2
FR*EVZ*EGRAM*1,FREVZEGRAM1,303a999db1e8436d891395637110fbb2
FR*EVZ*EGRAM*2,FREVZEGRAM2,d369901a61db4255a5fd40e4795b29e7
FR*EVZ*EGRAY*1,FREVZEGRAY1,b5dafd86e84b4243b906ead05482058a
FR*EVZ*EGRAY*2,FREVZEGRAY2,b5dafd86e84b4243b906ead05482058a
FR*EVZ*EGREY*1,FREVZEGREY1,9390bdd487804336807aaf69768e03df
FR*EVZ*EGUIN*1,FREVZEGUIN1,303a999db1e8436d891395637110fbb2
FR*EVZ*EGUSS*1,FREVZEGUSS1,303a999db1e8436d891395637110fbb2
FR*EVZ*EHABI*1,FREVZEHABI1,d369901a61db4255a5fd40e4795b29e7
FR*EVZ*EHABI*2,FREVZEHABI2,d369901a61db4255a5fd40e4795b29e7
FR*EVZ*EHADE*1,FREVZEHADE1,d369901a61db4255a5fd40e4795b29e7
FR*EVZ*EHADE*2,FREVZEHADE2,d369901a61db4255a5fd40e4795b29e7
FR*EVZ*EHAIG*1,FREVZEHAIG1,303a999db1e8436d891395637110fbb2
FR*EVZ*EHAIG*2,FREVZEHAIG2,303a999db1e8436d891395637110fbb2
FR*EVZ*EHAJI*1,FREVZEHAJI1,303a999db1e8436d891395637110fbb2
FR*EVZ*EHAJJ*1,FREVZEHAJJ1,303a999db1e8436d891395637110fbb2
FR*EVZ*EHALI*1,FREVZEHALI1,b5dafd86e84b4243b906ead05482058a
FR*EVZ*EHALI*2,FREVZEHALI2,b5dafd86e84b4243b906ead05482058a
FR*EVZ*EHAMP*1,FREVZEHAMP1,d369901a61db4255a5fd40e4795b29e7
FR*EVZ*EHAMP*2,FREVZEHAMP2,d369901a61db4255a5fd40e4795b29e7
FR*EVZ*EHANI*1,FREVZEHANI1,d369901a61db4255a5fd40e4795b29e7
FR*EVZ*EHANI*2,FREVZEHANI2,d369901a61db4255a5fd40e4795b29e7
FR*EVZ*EHARU*1,FREVZEHARU1,d369901a61db4255a5fd40e4795b29e7
FR*EVZ*EHARU*2,FREVZEHARU2,d369901a61db4255a5fd40e4795b29e7
FR*EVZ*EHARY*1,FREVZEHARY1,d369901a61db4255a5fd40e4795b29e7
FR*EVZ*EHARY*2,FREVZEHARY2,d369901a61db4255a5fd40e4795b29e7
FR*EVZ*EHAYK*1,FREVZEHAYK1,d369901a61db4255a5fd40e4795b29e7
FR*EVZ*EHAYK*2,FREVZEHAYK2,d369901a61db4255a5fd40e4795b29e7
FR*EVZ*EHAYS*1,FREVZEHAYS1,303a999db1e8436d891395637110fbb2
FR*EVZ*EHAYS*2,FREVZEHAYS2,d369901a61db4255a5fd40e4795b29e7
FR*EVZ*EHAZE*1,FREVZEHAZE1,303a999db1e8436d891395637110fbb2
FR*EVZ*EHEBA*1,FREVZEHEBA1,d369901a61db4255a5fd40e4795b29e7
FR*EVZ*EHEBA*2,FREVZEHEBA2,d369901a61db4255a5fd40e4795b29e7
FR*EVZ*EHEET*1,FREVZEHEET1,303a999db1e8436d891395637110fbb2
FR*EVZ*EHEJA*1,FREVZEHEJA1,303a999db1e8436d891395637110fbb2
FR*EVZ*EHELA*1,FREVZEHELA1,b5dafd86e84b4243b906ead05482058a
FR*EVZ*EHELA*2,FREVZEHELA2,b5dafd86e84b4243b906ead05482058a
FR*EVZ*EHEVI*1,FREVZEHEVI1,303a999db1e8436d891395637110fbb2
FR*EVZ*EHIBA*1,FREVZEHIBA1,303a999db1e8436d891395637110fbb2
FR*EVZ*EHIND*1,FREVZEHIND1,303a999db1e8436d891395637110fbb2
FR*EVZ*EHIRA*1,FREVZEHIRA1,303a999db1e8436d891395637110fbb2
FR*EVZ*EHISA*1,FREVZEHISA1,d369901a61db4255a5fd40e4795b29e7
FR*EVZ*EHISA*2,FREVZEHISA2,d369901a61db4255a5fd40e4795b29e7
FR*EVZ*EHOAI*1,FREVZEHOAI1,303a999db1e8436d891395637110fbb2
FR*EVZ*EHOBY*1,FREVZEHOBY1,b5dafd86e84b4243b906ead05482058a
FR*EVZ*EHOBY*2,FREVZEHOBY2,b5dafd86e84b4243b906ead05482058a
FR*EVZ*EHODA*1,FREVZEHODA1,b5dafd86e84b4243b906ead05482058a
FR*EVZ*EHODA*2,FREVZEHODA2,b5dafd86e84b4243b906ead05482058a
FR*EVZ*EHOEL*1,FREVZEHOEL1,b5dafd86e84b4243b906ead05482058a
FR*EVZ*EHOEL*2,FREVZEHOEL2,b5dafd86e84b4243b906ead05482058a
FR*EVZ*EHOKU*1,FREVZEHOKU1,b5dafd86e84b4243b906ead05482058a
FR*EVZ*EHOKU*2,FREVZEHOKU2,b5dafd86e84b4243b906ead05482058a
FR*EVZ*EHOLY*1,FREVZEHOLY1,b5dafd86e84b4243b906ead05482058a
FR*EVZ*EHOLY*2,FREVZEHOLY2,b5dafd86e84b4243b906ead05482058a
FR*EVZ*EHOSE*1,FREVZEHOSE1,d369901a61db4255a5fd40e4795b29e7
FR*EVZ*EHOSE*2,FREVZEHOSE2,d369901a61db4255a5fd40e4795b29e7
FR*EVZ*EHOYT*1,FREVZEHOYT1,b5dafd86e84b4243b906ead05482058a
FR*EVZ*EHOYT*2,FREVZEHOYT2,b5dafd86e84b4243b906ead05482058a
FR*EVZ*EHUAN*1,FREVZEHUAN1,b5dafd86e84b4243b906ead05482058a
FR*EVZ*EHUAN*2,FREVZEHUAN2,b5dafd86e84b4243b906ead05482058a
FR*EVZ*EHUEL*1,FREVZEHUEL1,b5dafd86e84b4243b906ead05482058a
FR*EVZ*EHUEL*2,FREVZEHUEL2,b5dafd86e84b4243b906ead05482058a
FR*EVZ*EHUEY*1,FREVZEHUEY1,303a999db1e8436d891395637110fbb2
FR*EVZ*EHUGO*1,FREVZEHUGO1,d369901a61db4255a5fd40e4795b29e7
FR*EVZ*EHUGO*2,FREVZEHUGO2,d369901a61db4255a5fd40e4795b29e7
FR*EVZ*EHURU*1,FREVZEHURU1,d369901a61db4255a5fd40e4795b29e7
FR*EVZ*EHURU*2,FREVZEHURU2,d369901a61db4255a5fd40e4795b29e7
FR*EVZ*EIAHN*1,FREVZEIAHN1,d369901a61db4255a5fd40e4795b29e7
FR*EVZ*EIAHN*2,FREVZEIAHN2,d369901a61db4255a5fd40e4795b29e7
FR*EVZ*EIANA*1,FREVZEIANA1,303a999db1e8436d891395637110fbb2
FR*EVZ*EIBAN*1,FREVZEIBAN1,d369901a61db4255a5fd40e4795b29e7
FR*EVZ*EIBAN*2,FREVZEIBAN2,d369901a61db4255a5fd40e4795b29e7
FR*EVZ*EIBIN*1,FREVZEIBIN1,d369901a61db4255a5fd40e4795b29e7
FR*EVZ*EIBIN*2,FREVZEIBIN2,d369901a61db4255a5fd40e4795b29e7
FR*EVZ*EIBOU*1,FREVZEIBOU1,303a999db1e8436d891395637110fbb2
FR*EVZ*EICES*1,FREVZEICES1,b5dafd86e84b4243b906ead05482058a
FR*EVZ*EICES*2,FREVZEICES2,b5dafd86e84b4243b906ead05482058a
FR*EVZ*EICIA*1,FREVZEICIA1,b5dafd86e84b4243b906ead05482058a
FR*EVZ*EICIA*2,FREVZEICIA2,b5dafd86e84b4243b906ead05482058a
FR*EVZ*EIDEL*1,FREVZEIDEL1,303a999db1e8436d891395637110fbb2
FR*EVZ*EIDIR*1,FREVZEIDIR1,d369901a61db4255a5fd40e4795b29e7
FR*EVZ*EIDIR*2,FREVZEIDIR2,d369901a61db4255a5fd40e4795b29e7
FR*EVZ*EIFZA*1,FREVZEIFZA1,303a999db1e8436d891395637110fbb2
FR*EVZ*EIJAZ*1,FREVZEIJAZ1,d369901a61db4255a5fd40e4795b29e7
FR*EVZ*EIJAZ*2,FREVZEIJAZ2,d369901a61db4255a5fd40e4795b29e7
FR*EVZ*EIKEY*1,FREVZEIKEY1,d369901a61db4255a5fd40e4795b29e7
FR*EVZ*EIKEY*2,FREVZEIKEY2,d369901a61db4255a5fd40e4795b29e7
FR*EVZ*EIKIA*1,FREVZEIKIA1,303a999db1e8436d891395637110fbb2
FR*EVZ*EILGA*1,FREVZEILGA1,d369901a61db4255a5fd40e4795b29e7
FR*EVZ*EILGA*2,FREVZEILGA2,d369901a61db4255a5fd40e4795b29e7
FR*EVZ*EILKA*1,FREVZEILKA1,d369901a61db4255a5fd40e4795b29e7
FR*EVZ*EILKA*2,FREVZEILKA2,d369901a61db4255a5fd40e4795b29e7
FR*EVZ*EILSY*1,FREVZEILSY1,9390bdd487804336807aaf69768e03df
FR*EVZ*EILYS*1,FREVZEILYS1,d369901a61db4255a5fd40e4795b29e7
FR*EVZ*EILYS*2,FREVZEILYS2,d369901a61db4255a5fd40e4795b29e7
FR*EVZ*EIMAE*1,FREVZEIMAE1,303a999db1e8436d891395637110fbb2
FR*EVZ*EIMER*1,FREVZEIMER1,d369901a61db4255a5fd40e4795b29e7
FR*EVZ*EIMER*2,FREVZEIMER2,d369901a61db4255a5fd40e4795b29e7
FR*EVZ*EIMRI*1,FREVZEIMRI1,d369901a61db4255a5fd40e4795b29e7
FR*EVZ*EIMRI*2,FREVZEIMRI2,d369901a61db4255a5fd40e4795b29e7
FR*EVZ*EINAS*1,FREVZEINAS1,303a999db1e8436d891395637110fbb2
FR*EVZ*EINDA*1,FREVZEINDA1,b5dafd86e84b4243b906ead05482058a
FR*EVZ*EINDA*2,FREVZEINDA2,b5dafd86e84b4243b906ead05482058a
FR*EVZ*EINDY*1,FREVZEINDY1,d369901a61db4255a5fd40e4795b29e7
FR*EVZ*EINDY*2,FREVZEINDY2,d369901a61db4255a5fd40e4795b29e7
FR*EVZ*EIOAN*1,FREVZEIOAN1,d369901a61db4255a5fd40e4795b29e7
FR*EVZ*EIOAN*2,FREVZEIOAN2,d369901a61db4255a5fd40e4795b29e7
FR*EVZ*EIOEN*1,FREVZEIOEN1,d369901a61db4255a5fd40e4795b29e7
FR*EVZ*EIOEN*2,FREVZEIOEN2,d369901a61db4255a5fd40e4795b29e7
FR*EVZ*EIONY*1,FREVZEIONY1,d369901a61db4255a5fd40e4795b29e7
FR*EVZ*EIONY*2,FREVZEIONY2,d369901a61db4255a5fd40e4795b29e7
FR*EVZ*EIOTA*1,FREVZEIOTA1,d369901a61db4255a5fd40e4795b29e7
FR*EVZ*EIOTA*2,FREVZEIOTA2,d369901a61db4255a5fd40e4795b29e7
FR*EVZ*EIPEK*1,FREVZEIPEK1,9390bdd487804336807aaf69768e03df
FR*EVZ*EIPEK*2,FREVZEIPEK2,9390bdd487804336807aaf69768e03df
FR*EVZ*EIRAM*1,FREVZEIRAM1,d369901a61db4255a5fd40e4795b29e7
FR*EVZ*EIRAM*2,FREVZEIRAM2,d369901a61db4255a5fd40e4795b29e7
FR*EVZ*EIRBY*1,FREVZEIRBY1,303a999db1e8436d891395637110fbb2
FR*EVZ*EIRHA*1,FREVZEIRHA1,b5dafd86e84b4243b906ead05482058a
FR*EVZ*EIRHA*2,FREVZEIRHA2,b5dafd86e84b4243b906ead05482058a
FR*EVZ*EIRIC*1,FREVZEIRIC1,b5dafd86e84b4243b906ead05482058a
FR*EVZ*EIRIC*2,FREVZEIRIC2,b5dafd86e84b4243b906ead05482058a
FR*EVZ*EIRIS*1,FREVZEIRIS1,d369901a61db4255a5fd40e4795b29e7
FR*EVZ*EIRIS*2,FREVZEIRIS2,d369901a61db4255a5fd40e4795b29e7
FR*EVZ*EIRSA*1,FREVZEIRSA1,303a999db1e8436d891395637110fbb2
FR*EVZ*EISAL*1,FREVZEISAL1,303a999db1e8436d891395637110fbb2
FR*EVZ*EIULA*1,FREVZEIULA1,303a999db1e8436d891395637110fbb2
FR*EVZ*EIUNA*1,FREVZEIUNA1,303a999db1e8436d891395637110fbb2
FR*EVZ*EIVAN*1,FREVZEIVAN1,d369901a61db4255a5fd40e4795b29e7
FR*EVZ*EIVAN*2,FREVZEIVAN2,d369901a61db4255a5fd40e4795b29e7
FR*EVZ*EIVEE*1,FREVZEIVEE1,d369901a61db4255a5fd40e4795b29e7
FR*EVZ*EIVEE*2,FREVZEIVEE2,d369901a61db4255a5fd40e4795b29e7
FR*EVZ*EIVEL*1,FREVZEIVEL1,d369901a61db4255a5fd40e4795b29e7
FR*EVZ*EIVEL*2,FREVZEIVEL2,d369901a61db4255a5fd40e4795b29e7
FR*EVZ*EIVIE*1,FREVZEIVIE1,d369901a61db4255a5fd40e4795b29e7
FR*EVZ*EIVIE*2,FREVZEIVIE2,d369901a61db4255a5fd40e4795b29e7
FR*EVZ*EIVRI*1,FREVZEIVRI1,9390bdd487804336807aaf69768e03df
FR*EVZ*EIXEL*1,FREVZEIXEL1,d369901a61db4255a5fd40e4795b29e7
FR*EVZ*EIXEL*2,FREVZEIXEL2,d369901a61db4255a5fd40e4795b29e7
FR*EVZ*EIYAN*1,FREVZEIYAN1,303a999db1e8436d891395637110fbb2
FR*EVZ*EIYED*1,FREVZEIYED1,9390bdd487804336807aaf69768e03df
FR*EVZ*EIYES*1,FREVZEIYES1,b5dafd86e84b4243b906ead05482058a
FR*EVZ*EIYES*2,FREVZEIYES2,b5dafd86e84b4243b906ead05482058a
FR*EVZ*EIZAK*1,FREVZEIZAK1,b5dafd86e84b4243b906ead05482058a
FR*EVZ*EIZAK*2,FREVZEIZAK2,b5dafd86e84b4243b906ead05482058a
FR*EVZ*EIZEK*1,FREVZEIZEK1,303a999db1e8436d891395637110fbb2
FR*EVZ*EIZEM*1,FREVZEIZEM1,d369901a61db4255a5fd40e4795b29e7
FR*EVZ*EIZEM*2,FREVZEIZEM2,d369901a61db4255a5fd40e4795b29e7
FR*EVZ*EIZIC*1,FREVZEIZIC1,d369901a61db4255a5fd40e4795b29e7
FR*EVZ*EIZIC*2,FREVZEIZIC2,d369901a61db4255a5fd40e4795b29e7
FR*EVZ*EIZIE*1,FREVZEIZIE1,303a999db1e8436d891395637110fbb2
FR*EVZ*EIZMA*1,FREVZEIZMA1,303a999db1e8436d891395637110fbb2
FR*EVZ*EIZRA*1,FREVZEIZRA1,9390bdd487804336807aaf69768e03df
FR*EVZ*EIZRA*2,FREVZEIZRA2,9390bdd487804336807aaf69768e03df
FR*EVZ*EIZZI*1,FREVZEIZZI1,9390bdd487804336807aaf69768e03df
FR*EVZ*EIZZI*2,FREVZEIZZI2,9390bdd487804336807aaf69768e03df
FR*EVZ*EJAAD*1,FREVZEJAAD1,303a999db1e8436d891395637110fbb2
FR*EVZ*EJAAN*1,FREVZEJAAN1,d369901a61db4255a5fd40e4795b29e7
FR*EVZ*EJAAN*2,FREVZEJAAN2,d369901a61db4255a5fd40e4795b29e7
FR*EVZ*EJACK*1,FREVZEJACK1,303a999db1e8436d891395637110fbb2
FR*EVZ*EJAIK*1,FREVZEJAIK1,d369901a61db4255a5fd40e4795b29e7
FR*EVZ*EJAIK*2,FREVZEJAIK2,d369901a61db4255a5fd40e4795b29e7
FR*EVZ*EJANE*1,FREVZEJANE1,d369901a61db4255a5fd40e4795b29e7
FR*EVZ*EJANE*2,FREVZEJANE2,d369901a61db4255a5fd40e4795b29e7
FR*EVZ*EJANY*1,FREVZEJANY1,d369901a61db4255a5fd40e4795b29e7
FR*EVZ*EJANY*2,FREVZEJANY2,d369901a61db4255a5fd40e4795b29e7
FR*EVZ*EJARE*1,FREVZEJARE1,d369901a61db4255a5fd40e4795b29e7
FR*EVZ*EJARE*2,FREVZEJARE2,d369901a61db4255a5fd40e4795b29e7
FR*EVZ*EJARL*1,FREVZEJARL1,d369901a61db4255a5fd40e4795b29e7
FR*EVZ*EJARL*2,FREVZEJARL2,d369901a61db4255a5fd40e4795b29e7
FR*EVZ*EJEEL*1,FREVZEJEEL1,d369901a61db4255a5fd40e4795b29e7
FR*EVZ*EJEEL*2,FREVZEJEEL2,d369901a61db4255a5fd40e4795b29e7
FR*EVZ*EJENI*1,FREVZEJENI1,303a999db1e8436d891395637110fbb2
FR*EVZ*EJERA*1,FREVZEJERA1,d369901a61db4255a5fd40e4795b29e7
FR*EVZ*EJERA*2,FREVZEJERA2,d369901a61db4255a5fd40e4795b29e7
FR*EVZ*EJERL*1,FREVZEJERL1,303a999db1e8436d891395637110fbb2
FR*EVZ*EJILL*1,FREVZEJILL1,d369901a61db4255a5fd40e4795b29e7
FR*EVZ*EJILL*2,FREVZEJILL2,d369901a61db4255a5fd40e4795b29e7
FR*EVZ*EJIMI*1,FREVZEJIMI1,d369901a61db4255a5fd40e4795b29e7
FR*EVZ*EJIMI*2,FREVZEJIMI2,d369901a61db4255a5fd40e4795b29e7
FR*EVZ*EJKAI*1,FREVZEJKAI1,d369901a61db4255a5fd40e4795b29e7
FR*EVZ*EJKAI*2,FREVZEJKAI2,d369901a61db4255a5fd40e4795b29e7
FR*EVZ*EJLYN*1,FREVZEJLYN1,d369901a61db4255a5fd40e4795b29e7
FR*EVZ*EJLYN*2,FREVZEJLYN2,d369901a61db4255a5fd40e4795b29e7
FR*EVZ*EJMIA*1,FREVZEJMIA1,303a999db1e8436d891395637110fbb2
FR*EVZ*EJOBI*1,FREVZEJOBI1,303a999db1e8436d891395637110fbb2
FR*EVZ*EJOLA*1,FREVZEJOLA1,d369901a61db4255a5fd40e4795b29e7
FR*EVZ*EJOLA*2,FREVZEJOLA2,d369901a61db4255a5fd40e4795b29e7
FR*EVZ*EJOON*1,FREVZEJOON1,d369901a61db4255a5fd40e4795b29e7
FR*EVZ*EJOON*2,FREVZEJOON2,d369901a61db4255a5fd40e4795b29e7
FR*EVZ*EJOUA*1,FREVZEJOUA1,303a999db1e8436d891395637110fbb2
FR*EVZ*EJOUD*1,FREVZEJOUD1,d369901a61db4255a5fd40e4795b29e7
FR*EVZ*EJOUD*2,FREVZEJOUD2,d369901a61db4255a5fd40e4795b29e7
FR*EVZ*EJOYA*1,FREVZEJOYA1,d369901a61db4255a5fd40e4795b29e7
FR*EVZ*EJOYA*2,FREVZEJOYA2,d369901a61db4255a5fd40e4795b29e7
FR*EVZ*EJOZE*1,FREVZEJOZE1,d369901a61db4255a5fd40e4795b29e7
FR*EVZ*EJOZE*2,FREVZEJOZE2,d369901a61db4255a5fd40e4795b29e7
FR*EVZ*EJSON*1,FREVZEJSON1,303a999db1e8436d891395637110fbb2
FR*EVZ*EJUDI*1,FREVZEJUDI1,d369901a61db4255a5fd40e4795b29e7
FR*EVZ*EJUDI*2,FREVZEJUDI2,d369901a61db4255a5fd40e4795b29e7
FR*EVZ*EJUNG*1,FREVZEJUNG1,303a999db1e8436d891395637110fbb2
FR*EVZ*EJYLA*1,FREVZEJYLA1,d369901a61db4255a5fd40e4795b29e7
FR*EVZ*EJYLA*2,FREVZEJYLA2,d369901a61db4255a5fd40e4795b29e7
FR*EVZ*EKADE*1,FREVZEKADE1,d369901a61db4255a5fd40e4795b29e7
FR*EVZ*EKADE*2,FREVZEKADE2,d369901a61db4255a5fd40e4795b29e7
FR*EVZ*EKAII*1,FREVZEKAII1,303a999db1e8436d891395637110fbb2
FR*EVZ*EKAIN*1,FREVZEKAIN1,d369901a61db4255a5fd40e4795b29e7
FR*EVZ*EKAIN*2,FREVZEKAIN2,d369901a61db4255a5fd40e4795b29e7
FR*EVZ*EKAIO*1,FREVZEKAIO1,d369901a61db4255a5fd40e4795b29e7
FR*EVZ*EKAIO*2,FREVZEKAIO2,d369901a61db4255a5fd40e4795b29e7
FR*EVZ*EKAJE*1,FREVZEKAJE1,303a999db1e8436d891395637110fbb2
FR*EVZ*EKALU*1,FREVZEKALU1,d369901a61db4255a5fd40e4795b29e7
FR*EVZ*EKALU*2,FREVZEKALU2,d369901a61db4255a5fd40e4795b29e7
FR*EVZ*EKAMI*1,FREVZEKAMI1,d369901a61db4255a5fd40e4795b29e7
FR*EVZ*EKAMI*2,FREVZEKAMI2,d369901a61db4255a5fd40e4795b29e7
FR*EVZ*EKANG*1,FREVZEKANG1,d369901a61db4255a5fd40e4795b29e7
FR*EVZ*EKANG*2,FREVZEKANG2,d369901a61db4255a5fd40e4795b29e7
FR*EVZ*EKANY*1,FREVZEKANY1,303a999db1e8436d891395637110fbb2
FR*EVZ*EKANY*2,FREVZEKANY2,303a999db1e8436d891395637110fbb2
FR*EVZ*EKASE*1,FREVZEKASE1,d369901a61db4255a5fd40e4795b29e7
FR*EVZ*EKASE*2,FREVZEKASE2,d369901a61db4255a5fd40e4795b29e7
FR*EVZ*EKATH*1,FREVZEKATH1,d369901a61db4255a5fd40e4795b29e7
FR*EVZ*EKATH*2,FREVZEKATH2,d369901a61db4255a5fd40e4795b29e7
FR*EVZ*EKATI*1,FREVZEKATI1,d369901a61db4255a5fd40e4795b29e7
FR*EVZ*EKATI*2,FREVZEKATI2,d369901a61db4255a5fd40e4795b29e7
FR*EVZ*EKAZZ*1,FREVZEKAZZ1,303a999db1e8436d891395637110fbb2
FR*EVZ*EKEAN*1,FREVZEKEAN1,d369901a61db4255a5fd40e4795b29e7
FR*EVZ*EKEAN*2,FREVZEKEAN2,d369901a61db4255a5fd40e4795b29e7
FR*EVZ*EKEEN*1,FREVZEKEEN1,303a999db1e8436d891395637110fbb2
FR*EVZ*EKEMA*1,FREVZEKEMA1,303a999db1e8436d891395637110fbb2
FR*EVZ*EKENE*1,FREVZEKENE1,303a999db1e8436d891395637110fbb2
FR*EVZ*EKENG*1,FREVZEKENG1,d369901a61db4255a5fd40e4795b29e7
FR*EVZ*EKENG*2,FREVZEKENG2,d369901a61db4255a5fd40e4795b29e7
FR*EVZ*EKEPA*1,FREVZEKEPA1,d369901a61db4255a5fd40e4795b29e7
FR*EVZ*EKEPA*2,FREVZEKEPA2,d369901a61db4255a5fd40e4795b29e7
FR*EVZ*EKERN*1,FREVZEKERN1,303a999db1e8436d891395637110fbb2
FR*EVZ*EKERY*1,FREVZEKERY1,303a999db1e8436d891395637110fbb2
FR*EVZ*EKEVN*1,FREVZEKEVN1,b5dafd86e84b4243b906ead05482058a
FR*EVZ*EKEVN*2,FREVZEKEVN2,b5dafd86e84b4243b906ead05482058a
FR*EVZ*EKHAN*1,FREVZEKHAN1,303a999db1e8436d891395637110fbb2
FR*EVZ*EKIEU*1,FREVZEKIEU1,d369901a61db4255a5fd40e4795b29e7
FR*EVZ*EKIEU*2,FREVZEKIEU2,d369901a61db4255a5fd40e4795b29e7
FR*EVZ*EKILA*1,FREVZEKILA1,d369901a61db4255a5fd40e4795b29e7
FR*EVZ*EKILA*2,FREVZEKILA2,d369901a61db4255a5fd40e4795b29e7
FR*EVZ*EKILO*1,FREVZEKILO1,d369901a61db4255a5fd40e4795b29e7
FR*EVZ*EKILO*2,FREVZEKILO2,d369901a61db4255a5fd40e4795b29e7
FR*EVZ*EKIRK*1,FREVZEKIRK1,d369901a61db4255a5fd40e4795b29e7
FR*EVZ*EKIRK*2,FREVZEKIRK2,d369901a61db4255a5fd40e4795b29e7
FR*EVZ*EKLEE*1,FREVZEKLEE1,303a999db1e8436d891395637110fbb2
FR*EVZ*EKNUT*1,FREVZEKNUT1,303a999db1e8436d891395637110fbb2
FR*EVZ*EKOBA*1,FREVZEKOBA1,b5dafd86e84b4243b906ead05482058a
FR*EVZ*EKOBA*2,FREVZEKOBA2,b5dafd86e84b4243b906ead05482058a
FR*EVZ*EKOBY*1,FREVZEKOBY1,d369901a61db4255a5fd40e4795b29e7
FR*EVZ*EKOBY*2,FREVZEKOBY2,d369901a61db4255a5fd40e4795b29e7
FR*EVZ*EKORA*1,FREVZEKORA1,d369901a61db4255a5fd40e4795b29e7
FR*EVZ*EKORA*2,FREVZEKORA2,d369901a61db4255a5fd40e4795b29e7
FR*EVZ*EKORT*1,FREVZEKORT1,d369901a61db4255a5fd40e4795b29e7
FR*EVZ*EKORT*2,FREVZEKORT2,d369901a61db4255a5fd40e4795b29e7
FR*EVZ*EKRIZ*1,FREVZEKRIZ1,303a999db1e8436d891395637110fbb2
FR*EVZ*EKRUZ*1,FREVZEKRUZ1,303a999db1e8436d891395637110fbb2
FR*EVZ*EKSHA*1,FREVZEKSHA1,9390bdd487804336807aaf69768e03df
FR*EVZ*EKSHA*2,FREVZEKSHA2,9390bdd487804336807aaf69768e03df
FR*EVZ*EKUBA*1,FREVZEKUBA1,303a999db1e8436d891395637110fbb2
FR*EVZ*EKURK*1,FREVZEKURK1,d369901a61db4255a5fd40e4795b29e7
FR*EVZ*EKURK*2,FREVZEKURK2,d369901a61db4255a5fd40e4795b29e7
FR*EVZ*EKWAN*1,FREVZEKWAN1,303a999db1e8436d891395637110fbb2
FR*EVZ*EKYAM*1,FREVZEKYAM1,b5dafd86e84b4243b906ead05482058a
FR*EVZ*EKYAM*2,FREVZEKYAM2,b5dafd86e84b4243b906ead05482058a
FR*EVZ*EKYDA*1,FREVZEKYDA1,b5dafd86e84b4243b906ead05482058a
FR*EVZ*EKYDA*2,FREVZEKYDA2,b5dafd86e84b4243b906ead05482058a
FR*EVZ*EKYEN*1,FREVZEKYEN1,b5dafd86e84b4243b906ead05482058a
FR*EVZ*EKYEN*2,FREVZEKYEN2,b5dafd86e84b4243b906ead05482058a
FR*EVZ*EKYSA*1,FREVZEKYSA1,303a999db1e8436d891395637110fbb2
FR*EVZ*EKYYA*1,FREVZEKYYA1,303a999db1e8436d891395637110fbb2
FR*EVZ*ELADI*1,FREVZELADI1,d369901a61db4255a5fd40e4795b29e7
FR*EVZ*ELADI*2,FREVZELADI2,d369901a61db4255a5fd40e4795b29e7
FR*EVZ*ELALO*1,FREVZELALO1,d369901a61db4255a5fd40e4795b29e7
FR*EVZ*ELALO*2,FREVZELALO2,d369901a61db4255a5fd40e4795b29e7
FR*EVZ*ELANN*1,FREVZELANN1,d369901a61db4255a5fd40e4795b29e7
FR*EVZ*ELANN*2,FREVZELANN2,d369901a61db4255a5fd40e4795b29e7
FR*EVZ*ELARS*1,FREVZELARS1,303a999db1e8436d891395637110fbb2
FR*EVZ*ELAVI*1,FREVZELAVI1,303a999db1e8436d891395637110fbb2
FR*EVZ*ELEAF*1,FREVZELEAF1,d369901a61db4255a5fd40e4795b29e7
FR*EVZ*ELEAF*2,FREVZELEAF2,d369901a61db4255a5fd40e4795b29e7
FR*EVZ*ELEAN*1,FREVZELEAN1,d369901a61db4255a5fd40e4795b29e7
FR*EVZ*ELEAN*2,FREVZELEAN2,d369901a61db4255a5fd40e4795b29e7
FR*EVZ*ELEAR*1,FREVZELEAR1,d369901a61db4255a5fd40e4795b29e7
FR*EVZ*ELEAR*2,FREVZELEAR2,d369901a61db4255a5fd40e4795b29e7
FR*EVZ*ELEBA*1,FREVZELEBA1,d369901a61db4255a5fd40e4795b29e7
FR*EVZ*ELEBA*2,FREVZELEBA2,d369901a61db4255a5fd40e4795b29e7
FR*EVZ*ELECK*1,FREVZELECK1,303a999db1e8436d891395637110fbb2
FR*EVZ*ELEEA*1,FREVZELEEA1,d369901a61db4255a5fd40e4795b29e7
FR*EVZ*ELEEA*2,FREVZELEEA2,d369901a61db4255a5fd40e4795b29e7
FR*EVZ*ELEIB*1,FREVZELEIB1,303a999db1e8436d891395637110fbb2
FR*EVZ*ELENO*1,FREVZELENO1,d369901a61db4255a5fd40e4795b29e7
FR*EVZ*ELENO*2,FREVZELENO2,d369901a61db4255a5fd40e4795b29e7
FR*EVZ*ELETO*1,FREVZELETO1,d369901a61db4255a5fd40e4795b29e7
FR*EVZ*ELETO*2,FREVZELETO2,d369901a61db4255a5fd40e4795b29e7
FR*EVZ*ELEXI*1,FREVZELEXI1,b5dafd86e84b4243b906ead05482058a
FR*EVZ*ELEXI*2,FREVZELEXI2,b5dafd86e84b4243b906ead05482058a
FR*EVZ*ELHEA*1,FREVZELHEA1,d369901a61db4255a5fd40e4795b29e7
FR*EVZ*ELHEA*2,FREVZELHEA2,d369901a61db4255a5fd40e4795b29e7
FR*EVZ*ELIAT*1,FREVZELIAT1,d369901a61db4255a5fd40e4795b29e7
FR*EVZ*ELIAT*2,FREVZELIAT2,d369901a61db4255a5fd40e4795b29e7
FR*EVZ*ELICA*1,FREVZELICA1,303a999db1e8436d891395637110fbb2
FR*EVZ*ELIEE*1,FREVZELIEE1,303a999db1e8436d891395637110fbb2
FR*EVZ*ELIEU*1,FREVZELIEU1,d369901a61db4255a5fd40e4795b29e7
FR*EVZ*ELIEU*2,FREVZELIEU2,d369901a61db4255a5fd40e4795b29e7
FR*EVZ*ELIMA*1,FREVZELIMA1,9390bdd487804336807aaf69768e03df
FR*EVZ*ELIMA*2,FREVZELIMA2,9390bdd487804336807aaf69768e03df
FR*EVZ*ELION*1,FREVZELION1,303a999db1e8436d891395637110fbb2
FR*EVZ*ELIOU*1,FREVZELIOU1,303a999db1e8436d891395637110fbb2
FR*EVZ*ELIZE*1,FREVZELIZE1,d369901a61db4255a5fd40e4795b29e7
FR*EVZ*ELIZE*2,FREVZELIZE2,d369901a61db4255a5fd40e4795b29e7
FR*EVZ*ELIZZ*1,FREVZELIZZ1,d369901a61db4255a5fd40e4795b29e7
FR*EVZ*ELIZZ*2,FREVZELIZZ2,d369901a61db4255a5fd40e4795b29e7
FR*EVZ*ELOAI*1,FREVZELOAI1,9390bdd487804336807aaf69768e03df
FR*EVZ*ELOAI*2,FREVZELOAI2,9390bdd487804336807aaf69768e03df
FR*EVZ*ELOCH*1,FREVZELOCH1,d369901a61db4255a5fd40e4795b29e7
FR*EVZ*ELOCH*2,FREVZELOCH2,d369901a61db4255a5fd40e4795b29e7
FR*EVZ*ELOKI*1,FREVZELOKI1,303a999db1e8436d891395637110fbb2
FR*EVZ*ELOMA*1,FREVZELOMA1,303a999db1e8436d891395637110fbb2
FR*EVZ*ELOUA*1,FREVZELOUA1,d369901a61db4255a5fd40e4795b29e7
FR*EVZ*ELOUA*2,FREVZELOUA2,d369901a61db4255a5fd40e4795b29e7
FR*EVZ*ELOUE*1,FREVZELOUE1,d369901a61db4255a5fd40e4795b29e7
FR*EVZ*ELOUE*2,FREVZELOUE2,d369901a61db4255a5fd40e4795b29e7
FR*EVZ*ELUCA*1,FREVZELUCA1,d369901a61db4255a5fd40e4795b29e7
FR*EVZ*ELUCA*2,FREVZELUCA2,d369901a61db4255a5fd40e4795b29e7
FR*EVZ*ELUCE*1,FREVZELUCE1,d369901a61db4255a5fd40e4795b29e7
FR*EVZ*ELUCE*2,FREVZELUCE2,d369901a61db4255a5fd40e4795b29e7
FR*EVZ*ELUDY*1,FREVZELUDY1,d369901a61db4255a5fd40e4795b29e7
FR*EVZ*ELUDY*2,FREVZELUDY2,d369901a61db4255a5fd40e4795b29e7
FR*EVZ*ELUKE*1,FREVZELUKE1,303a999db1e8436d891395637110fbb2
FR*EVZ*ELULA*1,FREVZELULA1,d369901a61db4255a5fd40e4795b29e7
FR*EVZ*ELULA*2,FREVZELULA2,d369901a61db4255a5fd40e4795b29e7
FR*EVZ*ELUSI*1,FREVZELUSI1,303a999db1e8436d891395637110fbb2
FR*EVZ*ELYEL*1,FREVZELYEL1,d369901a61db4255a5fd40e4795b29e7
FR*EVZ*ELYEL*2,FREVZELYEL2,d369901a61db4255a5fd40e4795b29e7
FR*EVZ*ELYEM*1,FREVZELYEM1,303a999db1e8436d891395637110fbb2
FR*EVZ*ELYON*1,FREVZELYON1,d369901a61db4255a5fd40e4795b29e7
FR*EVZ*ELYON*2,FREVZELYON2,d369901a61db4255a5fd40e4795b29e7
FR*EVZ*ELYZA*1,FREVZELYZA1,303a999db1e8436d891395637110fbb2
FR*EVZ*EMADS*1,FREVZEMADS1,d369901a61db4255a5fd40e4795b29e7
FR*EVZ*EMADS*2,FREVZEMADS2,d369901a61db4255a5fd40e4795b29e7
FR*EVZ*EMAEE*1,FREVZEMAEE1,303a999db1e8436d891395637110fbb2
FR*EVZ*EMAIA*1,FREVZEMAIA1,d369901a61db4255a5fd40e4795b29e7
FR*EVZ*EMAIA*2,FREVZEMAIA2,d369901a61db4255a5fd40e4795b29e7
FR*EVZ*EMAKO*1,FREVZEMAKO1,d369901a61db4255a5fd40e4795b29e7
FR*EVZ*EMAKO*2,FREVZEMAKO2,d369901a61db4255a5fd40e4795b29e7
FR*EVZ*EMAKS*1,FREVZEMAKS1,d369901a61db4255a5fd40e4795b29e7
FR*EVZ*EMAKS*2,FREVZEMAKS2,d369901a61db4255a5fd40e4795b29e7
FR*EVZ*EMALI*1,FREVZEMALI1,b5dafd86e84b4243b906ead05482058a
FR*EVZ*EMALI*2,FREVZEMALI2,b5dafd86e84b4243b906ead05482058a
FR*EVZ*EMARY*1,FREVZEMARY1,d369901a61db4255a5fd40e4795b29e7
FR*EVZ*EMARY*2,FREVZEMARY2,d369901a61db4255a5fd40e4795b29e7
FR*EVZ*EMASI*1,FREVZEMASI1,d369901a61db4255a5fd40e4795b29e7
FR*EVZ*EMASI*2,FREVZEMASI2,d369901a61db4255a5fd40e4795b29e7
FR*EVZ*EMATE*1,FREVZEMATE1,d369901a61db4255a5fd40e4795b29e7
FR*EVZ*EMATE*2,FREVZEMATE2,d369901a61db4255a5fd40e4795b29e7
FR*EVZ*EMAUI*1,FREVZEMAUI1,303a999db1e8436d891395637110fbb2
FR*EVZ*EMAZE*1,FREVZEMAZE1,303a999db1e8436d891395637110fbb2
FR*EVZ*EMAZE*2,FREVZEMAZE2,303a999db1e8436d891395637110fbb2
FR*EVZ*EMEDY*1,FREVZEMEDY1,9390bdd487804336807aaf69768e03df
FR*EVZ*EMEEA*1,FREVZEMEEA1,d369901a61db4255a5fd40e4795b29e7
FR*EVZ*EMEEA*2,FREVZEMEEA2,d369901a61db4255a5fd40e4795b29e7
FR*EVZ*EMEEN*1,FREVZEMEEN1,303a999db1e8436d891395637110fbb2
FR*EVZ*EMEHA*1,FREVZEMEHA1,d369901a61db4255a5fd40e4795b29e7
FR*EVZ*EMEHA*2,FREVZEMEHA2,d369901a61db4255a5fd40e4795b29e7
FR*EVZ*EMEMA*1,FREVZEMEMA1,303a999db1e8436d891395637110fbb2
FR*EVZ*EMEYA*1,FREVZEMEYA1,303a999db1e8436d891395637110fbb2
FR*EVZ*EMIAN*1,FREVZEMIAN1,303a999db1e8436d891395637110fbb2
FR*EVZ*EMIDA*1,FREVZEMIDA1,d369901a61db4255a5fd40e4795b29e7
FR*EVZ*EMIDA*2,FREVZEMIDA2,d369901a61db4255a5fd40e4795b29e7
FR*EVZ*EMIIA*1,FREVZEMIIA1,303a999db1e8436d891395637110fbb2
FR*EVZ*EMIRO*1,FREVZEMIRO1,303a999db1e8436d891395637110fbb2
FR*EVZ*EMIYU*1,FREVZEMIYU1,d369901a61db4255a5fd40e4795b29e7
FR*EVZ*EMIYU*2,FREVZEMIYU2,d369901a61db4255a5fd40e4795b29e7
FR*EVZ*EMMAH*1,FREVZEMMAH1,d369901a61db4255a5fd40e4795b29e7
FR*EVZ*EMMAH*2,FREVZEMMAH2,d369901a61db4255a5fd40e4795b29e7
FR*EVZ*EMOIR*1,FREVZEMOIR1,d369901a61db4255a5fd40e4795b29e7
FR*EVZ*EMOIR*2,FREVZEMOIR2,d369901a61db4255a5fd40e4795b29e7
FR*EVZ*EMOIZ*1,FREVZEMOIZ1,303a999db1e8436d891395637110fbb2
FR*EVZ*EMORI*1,FREVZEMORI1,d369901a61db4255a5fd40e4795b29e7
FR*EVZ*EMORI*2,FREVZEMORI2,d369901a61db4255a5fd40e4795b29e7
FR*EVZ*EMOSA*1,FREVZEMOSA1,d369901a61db4255a5fd40e4795b29e7
FR*EVZ*EMOSA*2,FREVZEMOSA2,d369901a61db4255a5fd40e4795b29e7
FR*EVZ*EMOTI*1,FREVZEMOTI1,d369901a61db4255a5fd40e4795b29e7
FR*EVZ*EMOTI*2,FREVZEMOTI2,d369901a61db4255a5fd40e4795b29e7
FR*EVZ*EMUAD*1,FREVZEMUAD1,d369901a61db4255a5fd40e4795b29e7
FR*EVZ*EMUAD*2,FREVZEMUAD2,d369901a61db4255a5fd40e4795b29e7
FR*EVZ*EMUNG*1,FREVZEMUNG1,303a999db1e8436d891395637110fbb2
FR*EVZ*EMYAA*1,FREVZEMYAA1,d369901a61db4255a5fd40e4795b29e7
FR*EVZ*EMYAA*2,FREVZEMYAA2,d369901a61db4255a5fd40e4795b29e7
FR*EVZ*EMYKL*1,FREVZEMYKL1,303a999db1e8436d891395637110fbb2
FR*EVZ*ENAEL*1,FREVZENAEL1,d369901a61db4255a5fd40e4795b29e7
FR*EVZ*ENAEL*2,FREVZENAEL2,d369901a61db4255a5fd40e4795b29e7
FR*EVZ*ENAEM*1,FREVZENAEM1,303a999db1e8436d891395637110fbb2
FR*EVZ*ENAFY*1,FREVZENAFY1,d369901a61db4255a5fd40e4795b29e7
FR*EVZ*ENAFY*2,FREVZENAFY2,d369901a61db4255a5fd40e4795b29e7
FR*EVZ*ENAGI*1,FREVZENAGI1,d369901a61db4255a5fd40e4795b29e7
FR*EVZ*ENAGI*2,FREVZENAGI2,d369901a61db4255a5fd40e4795b29e7
FR*EVZ*ENAHO*1,FREVZENAHO1,d369901a61db4255a5fd40e4795b29e7
FR*EVZ*ENAHO*2,FREVZENAHO2,d369901a61db4255a5fd40e4795b29e7
FR*EVZ*ENAIA*1,FREVZENAIA1,303a999db1e8436d891395637110fbb2
FR*EVZ*ENALI*1,FREVZENALI1,d369901a61db4255a5fd40e4795b29e7
FR*EVZ*ENALI*2,FREVZENALI2,d369901a61db4255a5fd40e4795b29e7
FR*EVZ*ENAMI*1,FREVZENAMI1,9390bdd487804336807aaf69768e03df
FR*EVZ*ENAMI*2,FREVZENAMI2,9390bdd487804336807aaf69768e03df
FR*EVZ*ENANA*1,FREVZENANA1,303a999db1e8436d891395637110fbb2
FR*EVZ*ENANA*2,FREVZENANA2,303a999db1e8436d891395637110fbb2
FR*EVZ*ENANI*1,FREVZENANI1,303a999db1e8436d891395637110fbb2
FR*EVZ*ENANS*1,FREVZENANS1,303a999db1e8436d891395637110fbb2
FR*EVZ*ENAOR*1,FREVZENAOR1,d369901a61db4255a5fd40e4795b29e7
FR*EVZ*ENAOR*2,FREVZENAOR2,d369901a61db4255a5fd40e4795b29e7
FR*EVZ*ENARA*1,FREVZENARA1,d369901a61db4255a5fd40e4795b29e7
FR*EVZ*ENARA*2,FREVZENARA2,d369901a61db4255a5fd40e4795b29e7
FR*EVZ*ENARE*1,FREVZENARE1,d369901a61db4255a5fd40e4795b29e7
FR*EVZ*ENARE*2,FREVZENARE2,d369901a61db4255a5fd40e4795b29e7
FR*EVZ*ENARY*1,FREVZENARY1,b5dafd86e84b4243b906ead05482058a
FR*EVZ*ENARY*2,FREVZENARY2,b5dafd86e84b4243b906ead05482058a
FR*EVZ*ENAUL*1,FREVZENAUL1,b5dafd86e84b4243b906ead05482058a
FR*EVZ*ENAUL*2,FREVZENAUL2,b5dafd86e84b4243b906ead05482058a
FR*EVZ*ENAVA*1,FREVZENAVA1,b5dafd86e84b4243b906ead05482058a
FR*EVZ*ENAVA*2,FREVZENAVA2,b5dafd86e84b4243b906ead05482058a
FR*EVZ*ENAVY*1,FREVZENAVY1,303a999db1e8436d891395637110fbb2
FR*EVZ*ENAZR*1,FREVZENAZR1,d369901a61db4255a5fd40e4795b29e7
FR*EVZ*ENAZR*2,FREVZENAZR2,d369901a61db4255a5fd40e4795b29e7
FR*EVZ*ENDEA*1,FREVZENDEA1,b5dafd86e84b4243b906ead05482058a
FR*EVZ*ENDEA*2,FREVZENDEA2,b5dafd86e84b4243b906ead05482058a
FR*EVZ*ENDEY*1,FREVZENDEY1,d369901a61db4255a5fd40e4795b29e7
FR*EVZ*ENDEY*2,FREVZENDEY2,d369901a61db4255a5fd40e4795b29e7
FR*EVZ*ENECI*1,FREVZENECI1,d369901a61db4255a5fd40e4795b29e7
FR*EVZ*ENECI*2,FREVZENECI2,d369901a61db4255a5fd40e4795b29e7
FR*EVZ*ENEEL*1,FREVZENEEL1,d369901a61db4255a5fd40e4795b29e7
FR*EVZ*ENEEL*2,FREVZENEEL2,d369901a61db4255a5fd40e4795b29e7
FR*EVZ*ENEKO*1,FREVZENEKO1,303a999db1e8436d891395637110fbb2
FR*EVZ*ENHAN*1,FREVZENHAN1,303a999db1e8436d891395637110fbb2
FR*EVZ*ENHYA*1,FREVZENHYA1,d369901a61db4255a5fd40e4795b29e7
FR*EVZ*ENHYA*2,FREVZENHYA2,d369901a61db4255a5fd40e4795b29e7
FR*EVZ*ENIAZ*1,FREVZENIAZ1,d369901a61db4255a5fd40e4795b29e7
FR*EVZ*ENIAZ*2,FREVZENIAZ2,d369901a61db4255a5fd40e4795b29e7
FR*EVZ*ENICK*1,FREVZENICK1,303a999db1e8436d891395637110fbb2
FR*EVZ*ENICO*1,FREVZENICO1,d369901a61db4255a5fd40e4795b29e7
FR*EVZ*ENICO*2,FREVZENICO2,d369901a61db4255a5fd40e4795b29e7
FR*EVZ*ENIKE*1,FREVZENIKE1,d369901a61db4255a5fd40e4795b29e7
FR*EVZ*ENIKE*2,FREVZENIKE2,d369901a61db4255a5fd40e4795b29e7
FR*EVZ*ENILS*1,FREVZENILS1,b5dafd86e84b4243b906ead05482058a
FR*EVZ*ENILS*2,FREVZENILS2,b5dafd86e84b4243b906ead05482058a
FR*EVZ*ENINE*1,FREVZENINE1,b5dafd86e84b4243b906ead05482058a
FR*EVZ*ENINE*2,FREVZENINE2,b5dafd86e84b4243b906ead05482058a
FR*EVZ*ENITI*1,FREVZENITI1,b5dafd86e84b4243b906ead05482058a
FR*EVZ*ENITI*2,FREVZENITI2,b5dafd86e84b4243b906ead05482058a
FR*EVZ*ENIYA*1,FREVZENIYA1,9390bdd487804336807aaf69768e03df
FR*EVZ*ENIYA*2,FREVZENIYA2,9390bdd487804336807aaf69768e03df
FR*EVZ*ENOHL*1,FREVZENOHL1,b5dafd86e84b4243b906ead05482058a
FR*EVZ*ENOHL*2,FREVZENOHL2,b5dafd86e84b4243b906ead05482058a
FR*EVZ*ENONG*1,FREVZENONG1,d369901a61db4255a5fd40e4795b29e7
FR*EVZ*ENONG*2,FREVZENONG2,d369901a61db4255a5fd40e4795b29e7
FR*EVZ*ENOVA*1,FREVZENOVA1,d369901a61db4255a5fd40e4795b29e7
FR*EVZ*ENOVA*2,FREVZENOVA2,d369901a61db4255a5fd40e4795b29e7
FR*EVZ*ENOYA*1,FREVZENOYA1,d369901a61db4255a5fd40e4795b29e7
FR*EVZ*ENOYA*2,FREVZENOYA2,d369901a61db4255a5fd40e4795b29e7
FR*EVZ*ENUHA*1,FREVZENUHA1,d369901a61db4255a5fd40e4795b29e7
FR*EVZ*ENUHA*2,FREVZENUHA2,d369901a61db4255a5fd40e4795b29e7
FR*EVZ*ENYLS*1,FREVZENYLS1,d369901a61db4255a5fd40e4795b29e7
FR*EVZ*ENYLS*2,FREVZENYLS2,d369901a61db4255a5fd40e4795b29e7
FR*EVZ*ENYNO*1,FREVZENYNO1,9390bdd487804336807aaf69768e03df
FR*EVZ*ENYNO*2,FREVZENYNO2,9390bdd487804336807aaf69768e03df
FR*EVZ*ENYNO*3,FREVZENYNO3,9390bdd487804336807aaf69768e03df
FR*EVZ*ENYNO*4,FREVZENYNO4,9390bdd487804336807aaf69768e03df
FR*EVZ*EOCEY*1,FREVZEOCEY1,d369901a61db4255a5fd40e4795b29e7
FR*EVZ*EOCEY*2,FREVZEOCEY2,d369901a61db4255a5fd40e4795b29e7
FR*EVZ*EOCTA*1,FREVZEOCTA1,d369901a61db4255a5fd40e4795b29e7
FR*EVZ*EOCTA*2,FREVZEOCTA2,d369901a61db4255a5fd40e4795b29e7
FR*EVZ*EODEI*1,FREVZEODEI1,d369901a61db4255a5fd40e4795b29e7
FR*EVZ*EODEI*2,FREVZEODEI2,d369901a61db4255a5fd40e4795b29e7
FR*EVZ*EODEL*1,FREVZEODEL1,b5dafd86e84b4243b906ead05482058a
FR*EVZ*EODEL*2,FREVZEODEL2,b5dafd86e84b4243b906ead05482058a
FR*EVZ*EODOM*1,FREVZEODOM1,d369901a61db4255a5fd40e4795b29e7
FR*EVZ*EODOM*2,FREVZEODOM2,d369901a61db4255a5fd40e4795b29e7
FR*EVZ*EOGER*1,FREVZEOGER1,303a999db1e8436d891395637110fbb2
FR*EVZ*EOGIE*1,FREVZEOGIE1,9390bdd487804336807aaf69768e03df
FR*EVZ*EOGIE*2,FREVZEOGIE2,9390bdd487804336807aaf69768e03df
FR*EVZ*EOHAD*1,FREVZEOHAD1,d369901a61db4255a5fd40e4795b29e7
FR*EVZ*EOHAD*2,FREVZEOHAD2,d369901a61db4255a5fd40e4795b29e7
FR*EVZ*EOKBA*1,FREVZEOKBA1,d369901a61db4255a5fd40e4795b29e7
FR*EVZ*EOKBA*2,FREVZEOKBA2,d369901a61db4255a5fd40e4795b29e7
FR*EVZ*EOLEK*1,FREVZEOLEK1,d369901a61db4255a5fd40e4795b29e7
FR*EVZ*EOLEK*2,FREVZEOLEK2,d369901a61db4255a5fd40e4795b29e7
FR*EVZ*EOLEN*1,FREVZEOLEN1,303a999db1e8436d891395637110fbb2
FR*EVZ*EOLEY*1,FREVZEOLEY1,9390bdd487804336807aaf69768e03df
FR*EVZ*EOLEY*2,FREVZEOLEY2,9390bdd487804336807aaf69768e03df
FR*EVZ*EOLLE*1,FREVZEOLLE1,303a999db1e8436d891395637110fbb2
FR*EVZ*EOLNA*1,FREVZEOLNA1,d369901a61db4255a5fd40e4795b29e7
FR*EVZ*EOLNA*2,FREVZEOLNA2,d369901a61db4255a5fd40e4795b29e7
FR*EVZ*EOMAN*1,FREVZEOMAN1,d369901a61db4255a5fd40e4795b29e7
FR*EVZ*EOMAN*2,FREVZEOMAN2,d369901a61db4255a5fd40e4795b29e7
FR*EVZ*EONAH*1,FREVZEONAH1,303a999db1e8436d891395637110fbb2
FR*EVZ*EONAH*2,FREVZEONAH2,303a999db1e8436d891395637110fbb2
FR*EVZ*EONAH*3,FREVZEONAH3,303a999db1e8436d891395637110fbb2
FR*EVZ*EONAH*4,FREVZEONAH4,303a999db1e8436d891395637110fbb2
FR*EVZ*EONIE*1,FREVZEONIE1,d369901a61db4255a5fd40e4795b29e7
FR*EVZ*EONIE*2,FREVZEONIE2,d369901a61db4255a5fd40e4795b29e7
FR*EVZ*EONIX*1,FREVZEONIX1,d369901a61db4255a5fd40e4795b29e7
FR*EVZ*EONIX*2,FREVZEONIX2,d369901a61db4255a5fd40e4795b29e7
FR*EVZ*EONUR*1,FREVZEONUR1,d369901a61db4255a5fd40e4795b29e7
FR*EVZ*EONUR*2,FREVZEONUR2,d369901a61db4255a5fd40e4795b29e7
FR*EVZ*EORAS*1,FREVZEORAS1,d369901a61db4255a5fd40e4795b29e7
FR*EVZ*EORAS*2,FREVZEORAS2,d369901a61db4255a5fd40e4795b29e7
FR*EVZ*EOREE*1,FREVZEOREE1,9390bdd487804336807aaf69768e03df
FR*EVZ*EOREE*2,FREVZEOREE2,9390bdd487804336807aaf69768e03df
FR*EVZ*EORIA*1,FREVZEORIA1,d369901a61db4255a5fd40e4795b29e7
FR*EVZ*EORIA*2,FREVZEORIA2,d369901a61db4255a5fd40e4795b29e7
FR*EVZ*EORIS*1,FREVZEORIS1,d369901a61db4255a5fd40e4795b29e7
FR*EVZ*EORIS*2,FREVZEORIS2,d369901a61db4255a5fd40e4795b29e7
FR*EVZ*EORIT*1,FREVZEORIT1,d369901a61db4255a5fd40e4795b29e7
FR*EVZ*EORIT*2,FREVZEORIT2,d369901a61db4255a5fd40e4795b29e7
FR*EVZ*EORLA*1,FREVZEORLA1,303a999db1e8436d891395637110fbb2
FR*EVZ*EORNA*1,FREVZEORNA1,303a999db1e8436d891395637110fbb2
FR*EVZ*EORON*1,FREVZEORON1,303a999db1e8436d891395637110fbb2
FR*EVZ*EORUS*1,FREVZEORUS1,303a999db1e8436d891395637110fbb2
FR*EVZ*EOTHA*1,FREVZEOTHA1,303a999db1e8436d891395637110fbb2
FR*EVZ*EOTIS*1,FREVZEOTIS1,d369901a61db4255a5fd40e4795b29e7
FR*EVZ*EOTIS*2,FREVZEOTIS2,d369901a61db4255a5fd40e4795b29e7
FR*EVZ*EOTTO*1,FREVZEOTTO1,303a999db1e8436d891395637110fbb2
FR*EVZ*EOURA*1,FREVZEOURA1,d369901a61db4255a5fd40e4795b29e7
FR*EVZ*EOURA*2,FREVZEOURA2,d369901a61db4255a5fd40e4795b29e7
FR*EVZ*EOVEY*1,FREVZEOVEY1,303a999db1e8436d891395637110fbb2
FR*EVZ*EOVIA*1,FREVZEOVIA1,d369901a61db4255a5fd40e4795b29e7
FR*EVZ*EOVIA*2,FREVZEOVIA2,d369901a61db4255a5fd40e4795b29e7
FR*EVZ*EOWIN*1,FREVZEOWIN1,9390bdd487804336807aaf69768e03df
FR*EVZ*EOZER*1,FREVZEOZER1,9390bdd487804336807aaf69768e03df
FR*EVZ*EOZER*2,FREVZEOZER2,9390bdd487804336807aaf69768e03df
FR*EVZ*EOZIL*1,FREVZEOZIL1,d369901a61db4255a5fd40e4795b29e7
FR*EVZ*EOZIL*2,FREVZEOZIL2,d369901a61db4255a5fd40e4795b29e7
FR*EVZ*EPAIJ*1,FREVZEPAIJ1,303a999db1e8436d891395637110fbb2
FR*EVZ*EPAJE*1,FREVZEPAJE1,303a999db1e8436d891395637110fbb2
FR*EVZ*EPAJE*10,FREVZEPAJE10,303a999db1e8436d891395637110fbb2
FR*EVZ*EPAJE*2,FREVZEPAJE2,303a999db1e8436d891395637110fbb2
FR*EVZ*EPAJE*3,FREVZEPAJE3,303a999db1e8436d891395637110fbb2
FR*EVZ*EPAJE*4,FREVZEPAJE4,303a999db1e8436d891395637110fbb2
FR*EVZ*EPAJE*5,FREVZEPAJE5,303a999db1e8436d891395637110fbb2
FR*EVZ*EPAJE*6,FREVZEPAJE6,303a999db1e8436d891395637110fbb2
FR*EVZ*EPAJE*7,FREVZEPAJE7,303a999db1e8436d891395637110fbb2
FR*EVZ*EPAJE*8,FREVZEPAJE8,303a999db1e8436d891395637110fbb2
FR*EVZ*EPAJE*9,FREVZEPAJE9,303a999db1e8436d891395637110fbb2
FR*EVZ*EPALA*1,FREVZEPALA1,d369901a61db4255a5fd40e4795b29e7
FR*EVZ*EPALA*2,FREVZEPALA2,d369901a61db4255a5fd40e4795b29e7
FR*EVZ*EPANG*1,FREVZEPANG1,d369901a61db4255a5fd40e4795b29e7
FR*EVZ*EPANG*2,FREVZEPANG2,d369901a61db4255a5fd40e4795b29e7
FR*EVZ*EPAOL*1,FREVZEPAOL1,d369901a61db4255a5fd40e4795b29e7
FR*EVZ*EPAOL*2,FREVZEPAOL2,d369901a61db4255a5fd40e4795b29e7
FR*EVZ*EPATT*1,FREVZEPATT1,d369901a61db4255a5fd40e4795b29e7
FR*EVZ*EPATT*2,FREVZEPATT2,d369901a61db4255a5fd40e4795b29e7
FR*EVZ*EPATY*1,FREVZEPATY1,d369901a61db4255a5fd40e4795b29e7
FR*EVZ*EPATY*2,FREVZEPATY2,d369901a61db4255a5fd40e4795b29e7
FR*EVZ*EPEPE*1,FREVZEPEPE1,303a999db1e8436d891395637110fbb2
FR*EVZ*EPHUC*1,FREVZEPHUC1,303a999db1e8436d891395637110fbb2
FR*EVZ*EPIEL*1,FREVZEPIEL1,d369901a61db4255a5fd40e4795b29e7
FR*EVZ*EPIEL*2,FREVZEPIEL2,d369901a61db4255a5fd40e4795b29e7
FR*EVZ*EPINK*1,FREVZEPINK1,d369901a61db4255a5fd40e4795b29e7
FR*EVZ*EPINK*2,FREVZEPINK2,d369901a61db4255a5fd40e4795b29e7
FR*EVZ*EPOLO*1,FREVZEPOLO1,d369901a61db4255a5fd40e4795b29e7
FR*EVZ*EPOLO*2,FREVZEPOLO2,d369901a61db4255a5fd40e4795b29e7
FR*EVZ*EPOTA*1,FREVZEPOTA1,9390bdd487804336807aaf69768e03df
FR*EVZ*ERAAM*1,FREVZERAAM1,303a999db1e8436d891395637110fbb2
FR*EVZ*ERACE*1,FREVZERACE1,303a999db1e8436d891395637110fbb2
FR*EVZ*ERADU*1,FREVZERADU1,303a999db1e8436d891395637110fbb2
FR*EVZ*ERAHM*1,FREVZERAHM1,303a999db1e8436d891395637110fbb2
FR*EVZ*ERANE*1,FREVZERANE1,303a999db1e8436d891395637110fbb2
FR*EVZ*EREGI*1,FREVZEREGI1,303a999db1e8436d891395637110fbb2
FR*EVZ*ERENI*1,FREVZERENI1,303a999db1e8436d891395637110fbb2
FR*EVZ*ERENI*2,FREVZERENI2,303a999db1e8436d891395637110fbb2
FR*EVZ*ERENI*3,FREVZERENI3,303a999db1e8436d891395637110fbb2
FR*EVZ*ERENI*4,FREVZERENI4,303a999db1e8436d891395637110fbb2
FR*EVZ*ERENU*1,FREVZERENU1,303a999db1e8436d891395637110fbb2
FR*EVZ*ERENZ*1,FREVZERENZ1,303a999db1e8436d891395637110fbb2
FR*EVZ*EREON*1,FREVZEREON1,303a999db1e8436d891395637110fbb2
FR*EVZ*EREWA*1,FREVZEREWA1,303a999db1e8436d891395637110fbb2
FR*EVZ*EREYA*1,FREVZEREYA1,d369901a61db4255a5fd40e4795b29e7
FR*EVZ*EREYA*2,FREVZEREYA2,d369901a61db4255a5fd40e4795b29e7
FR*EVZ*ERHYA*1,FREVZERHYA1,d369901a61db4255a5fd40e4795b29e7
FR*EVZ*ERHYA*2,FREVZERHYA2,d369901a61db4255a5fd40e4795b29e7
FR*EVZ*ERIAN*1,FREVZERIAN1,d369901a61db4255a5fd40e4795b29e7
FR*EVZ*ERIAN*2,FREVZERIAN2,d369901a61db4255a5fd40e4795b29e7
FR*EVZ*ERICA*1,FREVZERICA1,d369901a61db4255a5fd40e4795b29e7
FR*EVZ*ERICA*2,FREVZERICA2,d369901a61db4255a5fd40e4795b29e7
FR*EVZ*ERIEL*1,FREVZERIEL1,303a999db1e8436d891395637110fbb2
FR*EVZ*ERIES*1,FREVZERIES1,303a999db1e8436d891395637110fbb2
FR*EVZ*ERIES*10,FREVZERIES10,303a999db1e8436d891395637110fbb2
FR*EVZ*ERIES*2,FREVZERIES2,303a999db1e8436d891395637110fbb2
FR*EVZ*ERIES*3,FREVZERIES3,303a999db1e8436d891395637110fbb2
FR*EVZ*ERIES*4,FREVZERIES4,303a999db1e8436d891395637110fbb2
FR*EVZ*ERIES*5,FREVZERIES5,303a999db1e8436d891395637110fbb2
FR*EVZ*ERIES*6,FREVZERIES6,303a999db1e8436d891395637110fbb2
FR*EVZ*ERIES*7,FREVZERIES7,303a999db1e8436d891395637110fbb2
FR*EVZ*ERIES*8,FREVZERIES8,303a999db1e8436d891395637110fbb2
FR*EVZ*ERIES*9,FREVZERIES9,303a999db1e8436d891395637110fbb2
FR*EVZ*ERIHA*1,FREVZERIHA1,303a999db1e8436d891395637110fbb2
FR*EVZ*ERIJA*1,FREVZERIJA1,d369901a61db4255a5fd40e4795b29e7
FR*EVZ*ERIJA*2,FREVZERIJA2,d369901a61db4255a5fd40e4795b29e7
FR*EVZ*ERILY*1,FREVZERILY1,9390bdd487804336807aaf69768e03df
FR*EVZ*ERISH*1,FREVZERISH1,d369901a61db4255a5fd40e4795b29e7
FR*EVZ*ERISH*2,FREVZERISH2,d369901a61db4255a5fd40e4795b29e7
FR*EVZ*EROAM*1,FREVZEROAM1,d369901a61db4255a5fd40e4795b29e7
FR*EVZ*EROAM*2,FREVZEROAM2,d369901a61db4255a5fd40e4795b29e7
FR*EVZ*ERODD*1,FREVZERODD1,d369901a61db4255a5fd40e4795b29e7
FR*EVZ*ERODD*2,FREVZERODD2,d369901a61db4255a5fd40e4795b29e7
FR*EVZ*EROEL*1,FREVZEROEL1,303a999db1e8436d891395637110fbb2
FR*EVZ*EROUS*1,FREVZEROUS1,d369901a61db4255a5fd40e4795b29e7
FR*EVZ*EROUS*2,FREVZEROUS2,d369901a61db4255a5fd40e4795b29e7
FR*EVZ*ERUAH*1,FREVZERUAH1,b5dafd86e84b4243b906ead05482058a
FR*EVZ*ERUAH*2,FREVZERUAH2,b5dafd86e84b4243b906ead05482058a
FR*EVZ*ERUBE*1,FREVZERUBE1,b5dafd86e84b4243b906ead05482058a
FR*EVZ*ERUBE*2,FREVZERUBE2,b5dafd86e84b4243b906ead05482058a
FR*EVZ*ERUDD*1,FREVZERUDD1,303a999db1e8436d891395637110fbb2
FR*EVZ*ERUEL*1,FREVZERUEL1,d369901a61db4255a5fd40e4795b29e7
FR*EVZ*ERUEL*2,FREVZERUEL2,d369901a61db4255a5fd40e4795b29e7
FR*EVZ*ERUIZ*1,FREVZERUIZ1,303a999db1e8436d891395637110fbb2
FR*EVZ*ERURY*1,FREVZERURY1,b5dafd86e84b4243b906ead05482058a
FR*EVZ*ERURY*2,FREVZERURY2,b5dafd86e84b4243b906ead05482058a
FR*EVZ*ERUSH*1,FREVZERUSH1,b5dafd86e84b4243b906ead05482058a
FR*EVZ*ERUSH*2,FREVZERUSH2,b5dafd86e84b4243b906ead05482058a
FR*EVZ*ERUVI*1,FREVZERUVI1,303a999db1e8436d891395637110fbb2
FR*EVZ*ERYAT*1,FREVZERYAT1,d369901a61db4255a5fd40e4795b29e7
FR*EVZ*ERYAT*2,FREVZERYAT2,d369901a61db4255a5fd40e4795b29e7
FR*EVZ*ERYNE*1,FREVZERYNE1,303a999db1e8436d891395637110fbb2
FR*EVZ*ERYSA*1,FREVZERYSA1,303a999db1e8436d891395637110fbb2
FR*EVZ*ERYUU*1,FREVZERYUU1,303a999db1e8436d891395637110fbb2
FR*EVZ*ESAHR*1,FREVZESAHR1,303a999db1e8436d891395637110fbb2
FR*EVZ*ESAME*1,FREVZESAME1,303a999db1e8436d891395637110fbb2
FR*EVZ*ESANK*1,FREVZESANK1,d369901a61db4255a5fd40e4795b29e7
FR*EVZ*ESANK*2,FREVZESANK2,d369901a61db4255a5fd40e4795b29e7
FR*EVZ*ESANN*1,FREVZESANN1,303a999db1e8436d891395637110fbb2
FR*EVZ*ESASA*1,FREVZESASA1,303a999db1e8436d891395637110fbb2
FR*EVZ*ESAVI*1,FREVZESAVI1,9390bdd487804336807aaf69768e03df
FR*EVZ*ESAVI*2,FREVZESAVI2,9390bdd487804336807aaf69768e03df
FR*EVZ*ESAYD*1,FREVZESAYD1,303a999db1e8436d891395637110fbb2
FR*EVZ*ESEDA*1,FREVZESEDA1,d369901a61db4255a5fd40e4795b29e7
FR*EVZ*ESEDA*2,FREVZESEDA2,d369901a61db4255a5fd40e4795b29e7
FR*EVZ*ESEGA*1,FREVZESEGA1,d369901a61db4255a5fd40e4795b29e7
FR*EVZ*ESEGA*2,FREVZESEGA2,d369901a61db4255a5fd40e4795b29e7
FR*EVZ*ESETI*1,FREVZESETI1,d369901a61db4255a5fd40e4795b29e7
FR*EVZ*ESETI*2,FREVZESETI2,d369901a61db4255a5fd40e4795b29e7
FR*EVZ*ESFIA*1,FREVZESFIA1,9390bdd487804336807aaf69768e03df
FR*EVZ*ESHAR*1,FREVZESHAR1,d369901a61db4255a5fd40e4795b29e7
FR*EVZ*ESHAR*2,FREVZESHAR2,d369901a61db4255a5fd40e4795b29e7
FR*EVZ*ESHAW*1,FREVZESHAW1,303a999db1e8436d891395637110fbb2
FR*EVZ*ESHAW*2,FREVZESHAW2,303a999db1e8436d891395637110fbb2
FR*EVZ*ESHED*1,FREVZESHED1,d369901a61db4255a5fd40e4795b29e7
FR*EVZ*ESHED*2,FREVZESHED2,d369901a61db4255a5fd40e4795b29e7
FR*EVZ*ESHUN*1,FREVZESHUN1,d369901a61db4255a5fd40e4795b29e7
FR*EVZ*ESHUN*2,FREVZESHUN2,d369901a61db4255a5fd40e4795b29e7
FR*EVZ*ESIAS*1,FREVZESIAS1,303a999db1e8436d891395637110fbb2
FR*EVZ*ESIBA*1,FREVZESIBA1,303a999db1e8436d891395637110fbb2
FR*EVZ*ESIEM*1,FREVZESIEM1,303a999db1e8436d891395637110fbb2
FR*EVZ*ESIGA*1,FREVZESIGA1,d369901a61db4255a5fd40e4795b29e7
FR*EVZ*ESIGA*2,FREVZESIGA2,d369901a61db4255a5fd40e4795b29e7
FR*EVZ*ESIRA*1,FREVZESIRA1,d369901a61db4255a5fd40e4795b29e7
FR*EVZ*ESIRA*2,FREVZESIRA2,d369901a61db4255a5fd40e4795b29e7
FR*EVZ*ESIRI*1,FREVZESIRI1,303a999db1e8436d891395637110fbb2
FR*EVZ*ESITI*1,FREVZESITI1,d369901a61db4255a5fd40e4795b29e7
FR*EVZ*ESITI*2,FREVZESITI2,d369901a61db4255a5fd40e4795b29e7
FR*EVZ*ESIVA*1,FREVZESIVA1,d369901a61db4255a5fd40e4795b29e7
FR*EVZ*ESIVA*2,FREVZESIVA2,d369901a61db4255a5fd40e4795b29e7
FR*EVZ*ESKYA*1,FREVZESKYA1,303a999db1e8436d891395637110fbb2
FR*EVZ*ESOAD*1,FREVZESOAD1,d369901a61db4255a5fd40e4795b29e7
FR*EVZ*ESOAD*2,FREVZESOAD2,d369901a61db4255a5fd40e4795b29e7
FR*EVZ*ESODA*1,FREVZESODA1,d369901a61db4255a5fd40e4795b29e7
FR*EVZ*ESODA*2,FREVZESODA2,d369901a61db4255a5fd40e4795b29e7
FR*EVZ*ESOON*1,FREVZESOON1,303a999db1e8436d891395637110fbb2
FR*EVZ*ESTAS*1,FREVZESTAS1,9390bdd487804336807aaf69768e03df
FR*EVZ*ESTAS*2,FREVZESTAS2,9390bdd487804336807aaf69768e03df
FR*EVZ*ESTCY*1,FREVZESTCY1,303a999db1e8436d891395637110fbb2
FR*EVZ*ESUAD*1,FREVZESUAD1,9390bdd487804336807aaf69768e03df
FR*EVZ*ESUAD*2,FREVZESUAD2,9390bdd487804336807aaf69768e03df
FR*EVZ*ESULA*1,FREVZESULA1,b5dafd86e84b4243b906ead05482058a
FR*EVZ*ESULA*2,FREVZESULA2,b5dafd86e84b4243b906ead05482058a
FR*EVZ*ESULI*1,FREVZESULI1,b5dafd86e84b4243b906ead05482058a
FR*EVZ*ESULI*2,FREVZESULI2,b5dafd86e84b4243b906ead05482058a
FR*EVZ*ESUNG*1,FREVZESUNG1,b5dafd86e84b4243b906ead05482058a
FR*EVZ*ESUNG*2,FREVZESUNG2,b5dafd86e84b4243b906ead05482058a
FR*EVZ*ESUNI*1,FREVZESUNI1,d369901a61db4255a5fd40e4795b29e7
FR*EVZ*ESUNI*2,FREVZESUNI2,d369901a61db4255a5fd40e4795b29e7
FR*EVZ*ESUNY*1,FREVZESUNY1,303a999db1e8436d891395637110fbb2
FR*EVZ*ESWAR*1,FREVZESWAR1,b5dafd86e84b4243b906ead05482058a
FR*EVZ*ESWAR*2,FREVZESWAR2,b5dafd86e84b4243b906ead05482058a
FR*EVZ*ESYRI*1,FREVZESYRI1,b5dafd86e84b4243b906ead05482058a
FR*EVZ*ESYRI*2,FREVZESYRI2,b5dafd86e84b4243b906ead05482058a
FR*EVZ*ETAAJ*1,FREVZETAAJ1,b5dafd86e84b4243b906ead05482058a
FR*EVZ*ETAAJ*2,FREVZETAAJ2,b5dafd86e84b4243b906ead05482058a
FR*EVZ*ETADD*1,FREVZETADD1,303a999db1e8436d891395637110fbb2
FR*EVZ*ETAGG*1,FREVZETAGG1,303a999db1e8436d891395637110fbb2
FR*EVZ*ETAHJ*1,FREVZETAHJ1,303a999db1e8436d891395637110fbb2
FR*EVZ*ETALA*1,FREVZETALA1,303a999db1e8436d891395637110fbb2
FR*EVZ*ETALY*1,FREVZETALY1,d369901a61db4255a5fd40e4795b29e7
FR*EVZ*ETALY*2,FREVZETALY2,d369901a61db4255a5fd40e4795b29e7
FR*EVZ*ETAYE*1,FREVZETAYE1,d369901a61db4255a5fd40e4795b29e7
FR*EVZ*ETAYE*2,FREVZETAYE2,d369901a61db4255a5fd40e4795b29e7
FR*EVZ*ETCHU*1,FREVZETCHU1,d369901a61db4255a5fd40e4795b29e7
FR*EVZ*ETCHU*2,FREVZETCHU2,d369901a61db4255a5fd40e4795b29e7
FR*EVZ*ETECO*1,FREVZETECO1,d369901a61db4255a5fd40e4795b29e7
FR*EVZ*ETECO*2,FREVZETECO2,d369901a61db4255a5fd40e4795b29e7
FR*EVZ*ETEHO*1,FREVZETEHO1,d369901a61db4255a5fd40e4795b29e7
FR*EVZ*ETEHO*2,FREVZETEHO2,d369901a61db4255a5fd40e4795b29e7
FR*EVZ*ETEJI*1,FREVZETEJI1,9390bdd487804336807aaf69768e03df
FR*EVZ*ETERA*1,FREVZETERA1,b5dafd86e84b4243b906ead05482058a
FR*EVZ*ETERA*2,FREVZETERA2,b5dafd86e84b4243b906ead05482058a
FR*EVZ*ETESS*1,FREVZETESS1,d369901a61db4255a5fd40e4795b29e7
FR*EVZ*ETESS*2,FREVZETESS2,d369901a61db4255a5fd40e4795b29e7
FR*EVZ*ETIDA*1,FREVZETIDA1,303a999db1e8436d891395637110fbb2
FR*EVZ*ETIEA*1,FREVZETIEA1,d369901a61db4255a5fd40e4795b29e7
FR*EVZ*ETIEA*2,FREVZETIEA2,d369901a61db4255a5fd40e4795b29e7
FR*EVZ*ETIHA*1,FREVZETIHA1,d369901a61db4255a5fd40e4795b29e7
FR*EVZ*ETIHA*2,FREVZETIHA2,d369901a61db4255a5fd40e4795b29e7
FR*EVZ*ETIIU*1,FREVZETIIU1,9390bdd487804336807aaf69768e03df
FR*EVZ*ETIIU*2,FREVZETIIU2,9390bdd487804336807aaf69768e03df
FR*EVZ*ETIMM*1,FREVZETIMM1,d369901a61db4255a5fd40e4795b29e7
FR*EVZ*ETIMM*2,FREVZETIMM2,d369901a61db4255a5fd40e4795b29e7
FR*EVZ*ETITA*1,FREVZETITA1,b5dafd86e84b4243b906ead05482058a
FR*EVZ*ETITA*2,FREVZETITA2,b5dafd86e84b4243b906ead05482058a
FR*EVZ*ETKIA*1,FREVZETKIA1,b5dafd86e84b4243b906ead05482058a
FR*EVZ*ETKIA*2,FREVZETKIA2,b5dafd86e84b4243b906ead05482058a
FR*EVZ*ETOIA*1,FREVZETOIA1,b5dafd86e84b4243b906ead05482058a
FR*EVZ*ETOIA*2,FREVZETOIA2,b5dafd86e84b4243b906ead05482058a
FR*EVZ*ETOME*1,FREVZETOME1,303a999db1e8436d891395637110fbb2
FR*EVZ*ETORI*1,FREVZETORI1,303a999db1e8436d891395637110fbb2
FR*EVZ*ETOVA*1,FREVZETOVA1,d369901a61db4255a5fd40e4795b29e7
FR*EVZ*ETOVA*2,FREVZETOVA2,d369901a61db4255a5fd40e4795b29e7
FR*EVZ*ETRCY*1,FREVZETRCY1,d369901a61db4255a5fd40e4795b29e7
FR*EVZ*ETRCY*2,FREVZETRCY2,d369901a61db4255a5fd40e4795b29e7
FR*EVZ*ETREW*1,FREVZETREW1,d369901a61db4255a5fd40e4795b29e7
FR*EVZ*ETREW*2,FREVZETREW2,d369901a61db4255a5fd40e4795b29e7
FR*EVZ*ETREZ*1,FREVZETREZ1,d369901a61db4255a5fd40e4795b29e7
FR*EVZ*ETREZ*2,FREVZETREZ2,d369901a61db4255a5fd40e4795b29e7
FR*EVZ*ETYAH*1,FREVZETYAH1,d369901a61db4255a5fd40e4795b29e7
FR*EVZ*ETYAH*2,FREVZETYAH2,d369901a61db4255a5fd40e4795b29e7
FR*EVZ*ETYIA*1,FREVZETYIA1,d369901a61db4255a5fd40e4795b29e7
FR*EVZ*ETYIA*2,FREVZETYIA2,d369901a61db4255a5fd40e4795b29e7
FR*EVZ*ETYUS*1,FREVZETYUS1,d369901a61db4255a5fd40e4795b29e7
FR*EVZ*ETYUS*2,FREVZETYUS2,d369901a61db4255a5fd40e4795b29e7
FR*EVZ*EUFUK*1,FREVZEUFUK1,d369901a61db4255a5fd40e4795b29e7
FR*EVZ*EUFUK*2,FREVZEUFUK2,d369901a61db4255a5fd40e4795b29e7
FR*EVZ*EUGUR*1,FREVZEUGUR1,d369901a61db4255a5fd40e4795b29e7
FR*EVZ*EUGUR*2,FREVZEUGUR2,d369901a61db4255a5fd40e4795b29e7
FR*EVZ*EULAN*1,FREVZEULAN1,d369901a61db4255a5fd40e4795b29e7
FR*EVZ*EULAN*2,FREVZEULAN2,d369901a61db4255a5fd40e4795b29e7
FR*EVZ*EULMA*1,FREVZEULMA1,d369901a61db4255a5fd40e4795b29e7
FR*EVZ*EULMA*2,FREVZEULMA2,d369901a61db4255a5fd40e4795b29e7
FR*EVZ*EVAHE*1,FREVZEVAHE1,d369901a61db4255a5fd40e4795b29e7
FR*EVZ*EVAHE*2,FREVZEVAHE2,d369901a61db4255a5fd40e4795b29e7
FR*EVZ*EVAIA*1,FREVZEVAIA1,9390bdd487804336807aaf69768e03df
FR*EVZ*EVAIA*2,FREVZEVAIA2,9390bdd487804336807aaf69768e03df
FR*EVZ*EVAWN*1,FREVZEVAWN1,d369901a61db4255a5fd40e4795b29e7
FR*EVZ*EVAWN*2,FREVZEVAWN2,d369901a61db4255a5fd40e4795b29e7
FR*EVZ*EVEAH*1,FREVZEVEAH1,d369901a61db4255a5fd40e4795b29e7
FR*EVZ*EVEAH*2,FREVZEVEAH2,d369901a61db4255a5fd40e4795b29e7
FR*EVZ*EVIKA*1,FREVZEVIKA1,d369901a61db4255a5fd40e4795b29e7
FR*EVZ*EVIKA*2,FREVZEVIKA2,d369901a61db4255a5fd40e4795b29e7
FR*EVZ*EVILI*1,FREVZEVILI1,d369901a61db4255a5fd40e4795b29e7
FR*EVZ*EVILI*2,FREVZEVILI2,d369901a61db4255a5fd40e4795b29e7
FR*EVZ*EVIRA*1,FREVZEVIRA1,d369901a61db4255a5fd40e4795b29e7
FR*EVZ*EVIRA*2,FREVZEVIRA2,d369901a61db4255a5fd40e4795b29e7
FR*EVZ*EVOYD*1,FREVZEVOYD1,9390bdd487804336807aaf69768e03df
FR*EVZ*EVYAN*1,FREVZEVYAN1,303a999db1e8436d891395637110fbb2
FR*EVZ*EVYOM*1,FREVZEVYOM1,303a999db1e8436d891395637110fbb2
FR*EVZ*EWAID*1,FREVZEWAID1,d369901a61db4255a5fd40e4795b29e7
FR*EVZ*EWAID*2,FREVZEWAID2,d369901a61db4255a5fd40e4795b29e7
FR*EVZ*EWAJD*1,FREVZEWAJD1,d369901a61db4255a5fd40e4795b29e7
FR*EVZ*EWAJD*2,FREVZEWAJD2,d369901a61db4255a5fd40e4795b29e7
FR*EVZ*EWANG*1,FREVZEWANG1,d369901a61db4255a5fd40e4795b29e7
FR*EVZ*EWANG*2,FREVZEWANG2,d369901a61db4255a5fd40e4795b29e7
FR*EVZ*EWREN*1,FREVZEWREN1,303a999db1e8436d891395637110fbb2
FR*EVZ*EWREN*2,FREVZEWREN2,303a999db1e8436d891395637110fbb2
FR*EVZ*EWRYN*1,FREVZEWRYN1,d369901a61db4255a5fd40e4795b29e7
FR*EVZ*EWRYN*2,FREVZEWRYN2,d369901a61db4255a5fd40e4795b29e7
FR*EVZ*EWYAT*1,FREVZEWYAT1,d369901a61db4255a5fd40e4795b29e7
FR*EVZ*EWYAT*2,FREVZEWYAT2,d369901a61db4255a5fd40e4795b29e7
FR*EVZ*EXABI*1,FREVZEXABI1,9390bdd487804336807aaf69768e03df
FR*EVZ*EXABI*2,FREVZEXABI2,9390bdd487804336807aaf69768e03df
FR*EVZ*EXABI*3,FREVZEXABI3,9390bdd487804336807aaf69768e03df
FR*EVZ*EXABI*4,FREVZEXABI4,9390bdd487804336807aaf69768e03df
FR*EVZ*EXAIA*1,FREVZEXAIA1,d369901a61db4255a5fd40e4795b29e7
FR*EVZ*EXAIA*2,FREVZEXAIA2,d369901a61db4255a5fd40e4795b29e7
FR*EVZ*EXARA*1,FREVZEXARA1,303a999db1e8436d891395637110fbb2
FR*EVZ*EXARA*2,FREVZEXARA2,303a999db1e8436d891395637110fbb2
FR*EVZ*EXARA*3,FREVZEXARA3,303a999db1e8436d891395637110fbb2
FR*EVZ*EXARA*4,FREVZEXARA4,303a999db1e8436d891395637110fbb2
FR*EVZ*EXIYA*1,FREVZEXIYA1,d369901a61db4255a5fd40e4795b29e7
FR*EVZ*EXIYA*2,FREVZEXIYA2,d369901a61db4255a5fd40e4795b29e7
FR*EVZ*EXOEY*1,FREVZEXOEY1,d369901a61db4255a5fd40e4795b29e7
FR*EVZ*EXOEY*2,FREVZEXOEY2,d369901a61db4255a5fd40e4795b29e7
FR*EVZ*EXOLA*1,FREVZEXOLA1,303a999db1e8436d891395637110fbb2
FR*EVZ*EXOLA*2,FREVZEXOLA2,303a999db1e8436d891395637110fbb2
FR*EVZ*EXOLA*3,FREVZEXOLA3,303a999db1e8436d891395637110fbb2
FR*EVZ*EXOLA*4,FREVZEXOLA4,303a999db1e8436d891395637110fbb2
FR*EVZ*EYABA*1,FREVZEYABA1,d369901a61db4255a5fd40e4795b29e7
FR*EVZ*EYABA*2,FREVZEYABA2,d369901a61db4255a5fd40e4795b29e7
FR*EVZ*EYAMI*1,FREVZEYAMI1,b5dafd86e84b4243b906ead05482058a
FR*EVZ*EYAMI*2,FREVZEYAMI2,b5dafd86e84b4243b906ead05482058a
FR*EVZ*EYANE*1,FREVZEYANE1,303a999db1e8436d891395637110fbb2
FR*EVZ*EYANE*2,FREVZEYANE2,303a999db1e8436d891395637110fbb2
FR*EVZ*EYANO*1,FREVZEYANO1,9390bdd487804336807aaf69768e03df
FR*EVZ*EYANO*2,FREVZEYANO2,9390bdd487804336807aaf69768e03df
FR*EVZ*EYANO*3,FREVZEYANO3,9390bdd487804336807aaf69768e03df
FR*EVZ*EYANO*4,FREVZEYANO4,9390bdd487804336807aaf69768e03df
FR*EVZ*EYARI*1,FREVZEYARI1,9390bdd487804336807aaf69768e03df
FR*EVZ*EYARI*2,FREVZEYARI2,9390bdd487804336807aaf69768e03df
FR*EVZ*EYENY*1,FREVZEYENY1,d369901a61db4255a5fd40e4795b29e7
FR*EVZ*EYENY*2,FREVZEYENY2,d369901a61db4255a5fd40e4795b29e7
FR*EVZ*EYLAN*1,FREVZEYLAN1,303a999db1e8436d891395637110fbb2
FR*EVZ*EYLAN*2,FREVZEYLAN2,303a999db1e8436d891395637110fbb2
FR*EVZ*EYLAN*3,FREVZEYLAN3,303a999db1e8436d891395637110fbb2
FR*EVZ*EYLAN*4,FREVZEYLAN4,303a999db1e8436d891395637110fbb2
FR*EVZ*EYSIS*1,FREVZEYSIS1,9390bdd487804336807aaf69768e03df
FR*EVZ*EYSIS*2,FREVZEYSIS2,9390bdd487804336807aaf69768e03df
FR*EVZ*EYUNA*1,FREVZEYUNA1,d369901a61db4255a5fd40e4795b29e7
FR*EVZ*EYUNA*2,FREVZEYUNA2,d369901a61db4255a5fd40e4795b29e7
FR*EVZ*EYVAN*1,FREVZEYVAN1,303a999db1e8436d891395637110fbb2
FR*EVZ*EYVAN*2,FREVZEYVAN2,303a999db1e8436d891395637110fbb2
FR*EVZ*EZAHN*1,FREVZEZAHN1,303a999db1e8436d891395637110fbb2
FR*EVZ*EZAHN*2,FREVZEZAHN2,303a999db1e8436d891395637110fbb2
FR*EVZ*EZEIK*1,FREVZEZEIK1,d369901a61db4255a5fd40e4795b29e7
FR*EVZ*EZEIK*2,FREVZEZEIK2,d369901a61db4255a5fd40e4795b29e7
FR*EVZ*EZELA*1,FREVZEZELA1,d369901a61db4255a5fd40e4795b29e7
FR*EVZ*EZELA*2,FREVZEZELA2,d369901a61db4255a5fd40e4795b29e7
FR*EVZ*EZELL*1,FREVZEZELL1,303a999db1e8436d891395637110fbb2
FR*EVZ*EZELL*2,FREVZEZELL2,303a999db1e8436d891395637110fbb2
FR*EVZ*EZINN*1,FREVZEZINN1,b5dafd86e84b4243b906ead05482058a
FR*EVZ*EZINN*2,FREVZEZINN2,b5dafd86e84b4243b906ead05482058a
FR*EVZ*EZITE*1,FREVZEZITE1,d369901a61db4255a5fd40e4795b29e7
FR*EVZ*EZITE*2,FREVZEZITE2,d369901a61db4255a5fd40e4795b29e7
FR*EVZ*EZOHA*1,FREVZEZOHA1,d369901a61db4255a5fd40e4795b29e7
FR*EVZ*EZOHA*2,FREVZEZOHA2,d369901a61db4255a5fd40e4795b29e7
FR*EVZ*EZONG*1,FREVZEZONG1,303a999db1e8436d891395637110fbb2
FR*EVZ*EZONG*2,FREVZEZONG2,303a999db1e8436d891395637110fbb2
FR*EVZ*EZORI*1,FREVZEZORI1,d369901a61db4255a5fd40e4795b29e7
FR*EVZ*EZORI*2,FREVZEZORI2,d369901a61db4255a5fd40e4795b29e7
FR*EVZ*EZOYA*1,FREVZEZOYA1,303a999db1e8436d891395637110fbb2
FR*EVZ*EZOYA*2,FREVZEZOYA2,303a999db1e8436d891395637110fbb2
FR*EVZ*EZUMA*1,FREVZEZUMA1,303a999db1e8436d891395637110fbb2
FR*EVZ*EZUMA*2,FREVZEZUMA2,303a999db1e8436d891395637110fbb2
FR*EVZ*EZURI*1,FREVZEZURI1,303a999db1e8436d891395637110fbb2
FR*EVZ*EZURI*2,FREVZEZURI2,303a999db1e8436d891395637110fbb2
FR*EVZ*EZURY*1,FREVZEZURY1,303a999db1e8436d891395637110fbb2
FR*EVZ*EZUZU*1,FREVZEZUZU1,d369901a61db4255a5fd40e4795b29e7
FR*EVZ*EZUZU*2,FREVZEZUZU2,d369901a61db4255a5fd40e4795b29e7
FR*EVZ*EZYDA*1,FREVZEZYDA1,9390bdd487804336807aaf69768e03df
FR*EVZ*EZYDA*2,FREVZEZYDA2,9390bdd487804336807aaf69768e03df
FR*EVZ*EZYVA*1,FREVZEZYVA1,9390bdd487804336807aaf69768e03df
FR*EVZ*EZYVA*2,FREVZEZYVA2,9390bdd487804336807aaf69768e03df