TARIFF_IDENTIFIER,COUNTRY_CODE,PARTY_ID,CURRENCY,TARIFF_TYPE,ELEMENTS,ENERGY_MIX,ALT_TEXT,MIN_PRICE,MAX_PRICE,TARIFF_ALT_URL,START_DATE_TIME,END_DATE_TIME,LAST_UPDATED
FRSAST16119,DK,MON,EUR,,"[{""restrictions"": null, ""priceComponents"": [{""vat"": 20.0, ""type"": ""ENERGY"", ""price"": 0.42, ""stepSize"": 1}]}, {""restrictions"": null, ""priceComponents"": [{""vat"": 20.0, ""type"": ""PARKING_TIME"", ""price"": 12, ""stepSize"": 1}]}]",,,,,,,,2026-07-07 01:09:53.000
FRR3-T19465,DK,MON,EUR,,"[{""restrictions"": null, ""priceComponents"": [{""vat"": 20.0, ""type"": ""ENERGY"", ""price"": 0.46, ""stepSize"": 1}]}]",,,,,,,,2026-07-07 01:37:58.000
FRR3-T19435,DK,MON,EUR,,"[{""restrictions"": null, ""priceComponents"": [{""vat"": 20.0, ""type"": ""ENERGY"", ""price"": 0.3, ""stepSize"": 1}]}]",,,,,,,,2026-07-07 01:37:48.000
FRSAST15588,DK,MON,EUR,,"[{""restrictions"": null, ""priceComponents"": [{""vat"": 20.0, ""type"": ""ENERGY"", ""price"": 0.28, ""stepSize"": 1}]}, {""restrictions"": null, ""priceComponents"": [{""vat"": 20.0, ""type"": ""PARKING_TIME"", ""price"": 6, ""stepSize"": 1}]}]",,,,,,,,2026-07-07 00:59:50.000
FRSAST16203,DK,MON,EUR,,"[{""restrictions"": null, ""priceComponents"": [{""vat"": 20.0, ""type"": ""ENERGY"", ""price"": 0.28, ""stepSize"": 1}]}, {""restrictions"": null, ""priceComponents"": [{""vat"": 20.0, ""type"": ""PARKING_TIME"", ""price"": 6, ""stepSize"": 1}]}]",,,,,,,,2026-07-07 01:11:39.000
FRR3-T19162,DK,MON,EUR,,"[{""restrictions"": null, ""priceComponents"": [{""vat"": 20.0, ""type"": ""ENERGY"", ""price"": 0.46, ""stepSize"": 1}]}]",,,,,,,,2026-07-07 01:35:31.000
FRSAST16154,DK,MON,EUR,,"[{""restrictions"": null, ""priceComponents"": [{""vat"": 20.0, ""type"": ""ENERGY"", ""price"": 0.28, ""stepSize"": 1}]}, {""restrictions"": null, ""priceComponents"": [{""vat"": 20.0, ""type"": ""PARKING_TIME"", ""price"": 6, ""stepSize"": 1}]}]",,,,,,,,2026-07-07 01:10:36.000
FRR3-T18681,DK,MON,EUR,,"[{""restrictions"": null, ""priceComponents"": [{""vat"": 20.0, ""type"": ""ENERGY"", ""price"": 0.3, ""stepSize"": 1}]}]",,,,,,,,2026-07-07 01:31:56.000
FRR3-T19203,DK,MON,EUR,,"[{""restrictions"": null, ""priceComponents"": [{""vat"": 20.0, ""type"": ""ENERGY"", ""price"": 0.46, ""stepSize"": 1}]}]",,,,,,,,2026-07-07 01:35:53.000
FRSAST17307,DK,MON,EUR,,"[{""restrictions"": null, ""priceComponents"": [{""vat"": 20.0, ""type"": ""ENERGY"", ""price"": 0.42, ""stepSize"": 1}]}, {""restrictions"": null, ""priceComponents"": [{""vat"": 20.0, ""type"": ""PARKING_TIME"", ""price"": 12, ""stepSize"": 1}]}]",,,,,,,,2026-07-07 01:22:41.000
FRGRET16660,DK,MON,EUR,,"[{""restrictions"": null, ""priceComponents"": [{""vat"": 20.0, ""type"": ""ENERGY"", ""price"": 0.5, ""stepSize"": 1}]}, {""restrictions"": null, ""priceComponents"": [{""vat"": 20.0, ""type"": ""FLAT"", ""price"": 0.5, ""stepSize"": 1}]}]",,,,,,,,2026-07-07 01:19:55.000
FRR3-T18676,DK,MON,EUR,,"[{""restrictions"": null, ""priceComponents"": [{""vat"": 20.0, ""type"": ""ENERGY"", ""price"": 0.46, ""stepSize"": 1}]}]",,,,,,,,2026-07-07 01:31:52.000
FRSAST11821,DK,MON,EUR,,"[{""restrictions"": null, ""priceComponents"": [{""vat"": 20.0, ""type"": ""ENERGY"", ""price"": 0.28, ""stepSize"": 1}]}, {""restrictions"": null, ""priceComponents"": [{""vat"": 20.0, ""type"": ""PARKING_TIME"", ""price"": 6, ""stepSize"": 1}]}]",,,,,,,,2026-07-07 00:55:25.000
FRSAST17309,DK,MON,EUR,,"[{""restrictions"": null, ""priceComponents"": [{""vat"": 20.0, ""type"": ""ENERGY"", ""price"": 0.42, ""stepSize"": 1}]}, {""restrictions"": null, ""priceComponents"": [{""vat"": 20.0, ""type"": ""PARKING_TIME"", ""price"": 12, ""stepSize"": 1}]}]",,,,,,,,2026-07-07 01:22:43.000
FRGRET16644,DK,MON,EUR,,"[{""restrictions"": null, ""priceComponents"": [{""vat"": 20.0, ""type"": ""ENERGY"", ""price"": 0.29, ""stepSize"": 1}]}, {""restrictions"": null, ""priceComponents"": [{""vat"": 20.0, ""type"": ""FLAT"", ""price"": 0.5, ""stepSize"": 1}]}]",,,,,,,,2026-07-07 01:19:40.000
FRSAST15591,DK,MON,EUR,,"[{""restrictions"": null, ""priceComponents"": [{""vat"": 20.0, ""type"": ""ENERGY"", ""price"": 0.28, ""stepSize"": 1}]}, {""restrictions"": null, ""priceComponents"": [{""vat"": 20.0, ""type"": ""PARKING_TIME"", ""price"": 6, ""stepSize"": 1}]}]",,,,,,,,2026-07-07 00:59:52.000
FRSAST16081,DK,MON,EUR,,"[{""restrictions"": null, ""priceComponents"": [{""vat"": 20.0, ""type"": ""ENERGY"", ""price"": 0.42, ""stepSize"": 1}]}, {""restrictions"": null, ""priceComponents"": [{""vat"": 20.0, ""type"": ""PARKING_TIME"", ""price"": 12, ""stepSize"": 1}]}]",,,,,,,,2026-07-07 01:09:07.000
FRSAST15947,DK,MON,EUR,,"[{""restrictions"": null, ""priceComponents"": [{""vat"": 20.0, ""type"": ""ENERGY"", ""price"": 0.28, ""stepSize"": 1}]}, {""restrictions"": null, ""priceComponents"": [{""vat"": 20.0, ""type"": ""PARKING_TIME"", ""price"": 6, ""stepSize"": 1}]}]",,,,,,,,2026-07-07 01:06:10.000
FRR3-T19106,DK,MON,EUR,,"[{""restrictions"": null, ""priceComponents"": [{""vat"": 20.0, ""type"": ""ENERGY"", ""price"": 0.46, ""stepSize"": 1}]}]",,,,,,,,2026-07-07 01:35:07.000
FRSAST16273,DK,MON,EUR,,"[{""restrictions"": null, ""priceComponents"": [{""vat"": 20.0, ""type"": ""ENERGY"", ""price"": 0.28, ""stepSize"": 1}]}, {""restrictions"": null, ""priceComponents"": [{""vat"": 20.0, ""type"": ""PARKING_TIME"", ""price"": 6, ""stepSize"": 1}]}]",,,,,,,,2026-07-07 01:13:09.000
FRGRET16756,DK,MON,EUR,,"[{""restrictions"": null, ""priceComponents"": [{""vat"": 20.0, ""type"": ""ENERGY"", ""price"": 0.29, ""stepSize"": 1}]}, {""restrictions"": null, ""priceComponents"": [{""vat"": 20.0, ""type"": ""FLAT"", ""price"": 0.5, ""stepSize"": 1}]}]",,,,,,,,2026-07-07 01:20:56.000
FRR3-T19185,DK,MON,EUR,,"[{""restrictions"": null, ""priceComponents"": [{""vat"": 20.0, ""type"": ""ENERGY"", ""price"": 0.46, ""stepSize"": 1}]}]",,,,,,,,2026-07-07 01:35:43.000
FRSAST16698,DK,MON,EUR,,"[{""restrictions"": null, ""priceComponents"": [{""vat"": 20.0, ""type"": ""ENERGY"", ""price"": 0.28, ""stepSize"": 1}]}, {""restrictions"": null, ""priceComponents"": [{""vat"": 20.0, ""type"": ""PARKING_TIME"", ""price"": 6, ""stepSize"": 1}]}]",,,,,,,,2026-07-07 01:20:20.000
FRSAST16079,DK,MON,EUR,,"[{""restrictions"": null, ""priceComponents"": [{""vat"": 20.0, ""type"": ""ENERGY"", ""price"": 0.42, ""stepSize"": 1}]}, {""restrictions"": null, ""priceComponents"": [{""vat"": 20.0, ""type"": ""PARKING_TIME"", ""price"": 12, ""stepSize"": 1}]}]",,,,,,,,2026-07-07 01:09:00.000
FRSAST16120,DK,MON,EUR,,"[{""restrictions"": null, ""priceComponents"": [{""vat"": 20.0, ""type"": ""ENERGY"", ""price"": 0.42, ""stepSize"": 1}]}, {""restrictions"": null, ""priceComponents"": [{""vat"": 20.0, ""type"": ""PARKING_TIME"", ""price"": 12, ""stepSize"": 1}]}]",,,,,,,,2026-07-07 01:09:54.000
FRSAST16030,DK,MON,EUR,,"[{""restrictions"": null, ""priceComponents"": [{""vat"": 20.0, ""type"": ""ENERGY"", ""price"": 0.28, ""stepSize"": 1}]}, {""restrictions"": null, ""priceComponents"": [{""vat"": 20.0, ""type"": ""PARKING_TIME"", ""price"": 6, ""stepSize"": 1}]}]",,,,,,,,2026-07-07 01:07:34.000
FRSAST16321,DK,MON,EUR,,"[{""restrictions"": null, ""priceComponents"": [{""vat"": 20.0, ""type"": ""ENERGY"", ""price"": 0.28, ""stepSize"": 1}]}, {""restrictions"": null, ""priceComponents"": [{""vat"": 20.0, ""type"": ""PARKING_TIME"", ""price"": 6, ""stepSize"": 1}]}]",,,,,,,,2026-07-07 01:14:34.000
FRSAST16714,DK,MON,EUR,,"[{""restrictions"": null, ""priceComponents"": [{""vat"": 20.0, ""type"": ""ENERGY"", ""price"": 0.28, ""stepSize"": 1}]}, {""restrictions"": null, ""priceComponents"": [{""vat"": 20.0, ""type"": ""PARKING_TIME"", ""price"": 6, ""stepSize"": 1}]}]",,,,,,,,2026-07-07 01:20:31.000
FRR3-T18812,DK,MON,EUR,,"[{""restrictions"": null, ""priceComponents"": [{""vat"": 20.0, ""type"": ""ENERGY"", ""price"": 0.46, ""stepSize"": 1}]}]",,,,,,,,2026-07-07 01:32:56.000
FRR3-T18682,DK,MON,EUR,,"[{""restrictions"": null, ""priceComponents"": [{""vat"": 20.0, ""type"": ""ENERGY"", ""price"": 0.46, ""stepSize"": 1}]}]",,,,,,,,2026-07-07 01:31:57.000
FRSAST16059,DK,MON,EUR,,"[{""restrictions"": null, ""priceComponents"": [{""vat"": 20.0, ""type"": ""ENERGY"", ""price"": 0.42, ""stepSize"": 1}]}, {""restrictions"": null, ""priceComponents"": [{""vat"": 20.0, ""type"": ""PARKING_TIME"", ""price"": 12, ""stepSize"": 1}]}]",,,,,,,,2026-07-07 01:08:24.000
FRGRET16755,DK,MON,EUR,,"[{""restrictions"": null, ""priceComponents"": [{""vat"": 20.0, ""type"": ""ENERGY"", ""price"": 0.5, ""stepSize"": 1}]}, {""restrictions"": null, ""priceComponents"": [{""vat"": 20.0, ""type"": ""FLAT"", ""price"": 0.5, ""stepSize"": 1}]}]",,,,,,,,2026-07-07 01:20:54.000
FRSAST16090,DK,MON,EUR,,"[{""restrictions"": null, ""priceComponents"": [{""vat"": 20.0, ""type"": ""ENERGY"", ""price"": 0.42, ""stepSize"": 1}]}, {""restrictions"": null, ""priceComponents"": [{""vat"": 20.0, ""type"": ""PARKING_TIME"", ""price"": 12, ""stepSize"": 1}]}]",,,,,,,,2026-07-07 01:09:16.000
FRSAST16028,DK,MON,EUR,,"[{""restrictions"": null, ""priceComponents"": [{""vat"": 20.0, ""type"": ""ENERGY"", ""price"": 0.28, ""stepSize"": 1}]}, {""restrictions"": null, ""priceComponents"": [{""vat"": 20.0, ""type"": ""PARKING_TIME"", ""price"": 6, ""stepSize"": 1}]}]",,,,,,,,2026-07-07 01:07:31.000
FRSAST16021,DK,MON,EUR,,"[{""restrictions"": null, ""priceComponents"": [{""vat"": 20.0, ""type"": ""ENERGY"", ""price"": 0.42, ""stepSize"": 1}]}, {""restrictions"": null, ""priceComponents"": [{""vat"": 20.0, ""type"": ""PARKING_TIME"", ""price"": 12, ""stepSize"": 1}]}]",,,,,,,,2026-07-07 01:07:20.000
FRR3-T18686,DK,MON,EUR,,"[{""restrictions"": null, ""priceComponents"": [{""vat"": 20.0, ""type"": ""ENERGY"", ""price"": 0.3, ""stepSize"": 1}]}]",,,,,,,,2026-07-07 01:32:00.000
FRSAST15950,DK,MON,EUR,,"[{""restrictions"": null, ""priceComponents"": [{""vat"": 20.0, ""type"": ""ENERGY"", ""price"": 0.28, ""stepSize"": 1}]}, {""restrictions"": null, ""priceComponents"": [{""vat"": 20.0, ""type"": ""PARKING_TIME"", ""price"": 6, ""stepSize"": 1}]}]",,,,,,,,2026-07-07 01:06:14.000
FRSAST16435,DK,MON,EUR,,"[{""restrictions"": null, ""priceComponents"": [{""vat"": 20.0, ""type"": ""ENERGY"", ""price"": 0.28, ""stepSize"": 1}]}, {""restrictions"": null, ""priceComponents"": [{""vat"": 20.0, ""type"": ""PARKING_TIME"", ""price"": 6, ""stepSize"": 1}]}]",,,,,,,,2026-07-07 01:17:26.000
FRSAST17308,DK,MON,EUR,,"[{""restrictions"": null, ""priceComponents"": [{""vat"": 20.0, ""type"": ""ENERGY"", ""price"": 0.42, ""stepSize"": 1}]}, {""restrictions"": null, ""priceComponents"": [{""vat"": 20.0, ""type"": ""PARKING_TIME"", ""price"": 12, ""stepSize"": 1}]}]",,,,,,,,2026-07-07 01:22:42.000
FRR3-T19450,DK,MON,EUR,,"[{""restrictions"": null, ""priceComponents"": [{""vat"": 20.0, ""type"": ""ENERGY"", ""price"": 0.46, ""stepSize"": 1}]}]",,,,,,,,2026-07-07 01:37:55.000
FRSAST17562,DK,MON,EUR,,"[{""restrictions"": null, ""priceComponents"": [{""vat"": 20.0, ""type"": ""ENERGY"", ""price"": 0.28, ""stepSize"": 1}]}, {""restrictions"": null, ""priceComponents"": [{""vat"": 20.0, ""type"": ""PARKING_TIME"", ""price"": 6, ""stepSize"": 1}]}]",,,,,,,,2026-07-07 01:24:11.000
FRSAST17561,DK,MON,EUR,,"[{""restrictions"": null, ""priceComponents"": [{""vat"": 20.0, ""type"": ""ENERGY"", ""price"": 0.28, ""stepSize"": 1}]}, {""restrictions"": null, ""priceComponents"": [{""vat"": 20.0, ""type"": ""PARKING_TIME"", ""price"": 6, ""stepSize"": 1}]}]",,,,,,,,2026-07-07 01:24:10.000
FRSAST16716,DK,MON,EUR,,"[{""restrictions"": null, ""priceComponents"": [{""vat"": 20.0, ""type"": ""ENERGY"", ""price"": 0.42, ""stepSize"": 1}]}, {""restrictions"": null, ""priceComponents"": [{""vat"": 20.0, ""type"": ""PARKING_TIME"", ""price"": 12, ""stepSize"": 1}]}]",,,,,,,,2026-07-07 01:20:32.000
FRR3-T19214,DK,MON,EUR,,"[{""restrictions"": null, ""priceComponents"": [{""vat"": 20.0, ""type"": ""ENERGY"", ""price"": 0.46, ""stepSize"": 1}]}]",,,,,,,,2026-07-07 01:35:58.000
FRR3-T19550,DK,MON,EUR,,"[{""restrictions"": null, ""priceComponents"": [{""vat"": 20.0, ""type"": ""ENERGY"", ""price"": 0.3, ""stepSize"": 1}]}]",,,,,,,,2026-07-07 01:38:35.000
FRSAST16037,DK,MON,EUR,,"[{""restrictions"": null, ""priceComponents"": [{""vat"": 20.0, ""type"": ""ENERGY"", ""price"": 0.42, ""stepSize"": 1}]}, {""restrictions"": null, ""priceComponents"": [{""vat"": 20.0, ""type"": ""PARKING_TIME"", ""price"": 12, ""stepSize"": 1}]}]",,,,,,,,2026-07-07 01:07:50.000
FRSAST16121,DK,MON,EUR,,"[{""restrictions"": null, ""priceComponents"": [{""vat"": 20.0, ""type"": ""ENERGY"", ""price"": 0.42, ""stepSize"": 1}]}, {""restrictions"": null, ""priceComponents"": [{""vat"": 20.0, ""type"": ""PARKING_TIME"", ""price"": 12, ""stepSize"": 1}]}]",,,,,,,,2026-07-07 01:09:55.000
FRR3-T19132,DK,MON,EUR,,"[{""restrictions"": null, ""priceComponents"": [{""vat"": 20.0, ""type"": ""ENERGY"", ""price"": 0.46, ""stepSize"": 1}]}]",,,,,,,,2026-07-07 01:35:18.000
FRSAST16095,DK,MON,EUR,,"[{""restrictions"": null, ""priceComponents"": [{""vat"": 20.0, ""type"": ""ENERGY"", ""price"": 0.42, ""stepSize"": 1}]}, {""restrictions"": null, ""priceComponents"": [{""vat"": 20.0, ""type"": ""PARKING_TIME"", ""price"": 12, ""stepSize"": 1}]}]",,,,,,,,2026-07-07 01:09:20.000
FRGRET16661,DK,MON,EUR,,"[{""restrictions"": null, ""priceComponents"": [{""vat"": 20.0, ""type"": ""ENERGY"", ""price"": 0.29, ""stepSize"": 1}]}, {""restrictions"": null, ""priceComponents"": [{""vat"": 20.0, ""type"": ""FLAT"", ""price"": 0.5, ""stepSize"": 1}]}]",,,,,,,,2026-07-07 01:19:55.000
FRSAST16202,DK,MON,EUR,,"[{""restrictions"": null, ""priceComponents"": [{""vat"": 20.0, ""type"": ""ENERGY"", ""price"": 0.28, ""stepSize"": 1}]}, {""restrictions"": null, ""priceComponents"": [{""vat"": 20.0, ""type"": ""PARKING_TIME"", ""price"": 6, ""stepSize"": 1}]}]",,,,,,,,2026-07-07 01:11:37.000
FRR3-T19425,DK,MON,EUR,,"[{""restrictions"": null, ""priceComponents"": [{""vat"": 20.0, ""type"": ""ENERGY"", ""price"": 0.3, ""stepSize"": 1}]}]",,,,,,,,2026-07-07 01:37:43.000
FRR3-T19105,DK,MON,EUR,,"[{""restrictions"": null, ""priceComponents"": [{""vat"": 20.0, ""type"": ""ENERGY"", ""price"": 0.46, ""stepSize"": 1}]}]",,,,,,,,2026-07-07 01:35:06.000
FRSAST15945,DK,MON,EUR,,"[{""restrictions"": null, ""priceComponents"": [{""vat"": 20.0, ""type"": ""ENERGY"", ""price"": 0.28, ""stepSize"": 1}]}, {""restrictions"": null, ""priceComponents"": [{""vat"": 20.0, ""type"": ""PARKING_TIME"", ""price"": 6, ""stepSize"": 1}]}]",,,,,,,,2026-07-07 01:06:08.000
FRSAST16125,DK,MON,EUR,,"[{""restrictions"": null, ""priceComponents"": [{""vat"": 20.0, ""type"": ""ENERGY"", ""price"": 0.42, ""stepSize"": 1}]}, {""restrictions"": null, ""priceComponents"": [{""vat"": 20.0, ""type"": ""PARKING_TIME"", ""price"": 12, ""stepSize"": 1}]}]",,,,,,,,2026-07-07 01:09:59.000
FRSAST16076,DK,MON,EUR,,"[{""restrictions"": null, ""priceComponents"": [{""vat"": 20.0, ""type"": ""ENERGY"", ""price"": 0.42, ""stepSize"": 1}]}, {""restrictions"": null, ""priceComponents"": [{""vat"": 20.0, ""type"": ""PARKING_TIME"", ""price"": 12, ""stepSize"": 1}]}]",,,,,,,,2026-07-07 01:08:53.000
FRR3-T19169,DK,MON,EUR,,"[{""restrictions"": null, ""priceComponents"": [{""vat"": 20.0, ""type"": ""ENERGY"", ""price"": 0.46, ""stepSize"": 1}]}]",,,,,,,,2026-07-07 01:35:36.000
FRGRET16653,DK,MON,EUR,,"[{""restrictions"": null, ""priceComponents"": [{""vat"": 20.0, ""type"": ""ENERGY"", ""price"": 0.5, ""stepSize"": 1}]}, {""restrictions"": null, ""priceComponents"": [{""vat"": 20.0, ""type"": ""FLAT"", ""price"": 0.5, ""stepSize"": 1}]}]",,,,,,,,2026-07-07 01:19:47.000
FRR3-T19176,DK,MON,EUR,,"[{""restrictions"": null, ""priceComponents"": [{""vat"": 20.0, ""type"": ""ENERGY"", ""price"": 0.46, ""stepSize"": 1}]}]",,,,,,,,2026-07-07 01:35:39.000
FRR3-T19122,DK,MON,EUR,,"[{""restrictions"": null, ""priceComponents"": [{""vat"": 20.0, ""type"": ""ENERGY"", ""price"": 0.46, ""stepSize"": 1}]}]",,,,,,,,2026-07-07 01:35:13.000
FRSAST16075,DK,MON,EUR,,"[{""restrictions"": null, ""priceComponents"": [{""vat"": 20.0, ""type"": ""ENERGY"", ""price"": 0.42, ""stepSize"": 1}]}, {""restrictions"": null, ""priceComponents"": [{""vat"": 20.0, ""type"": ""PARKING_TIME"", ""price"": 12, ""stepSize"": 1}]}]",,,,,,,,2026-07-07 01:08:51.000
FRR3-T19629,DK,MON,EUR,,"[{""restrictions"": null, ""priceComponents"": [{""vat"": 20.0, ""type"": ""ENERGY"", ""price"": 0.46, ""stepSize"": 1}]}]",,,,,,,,2026-07-07 01:39:21.000
FRSAST16070,DK,MON,EUR,,"[{""restrictions"": null, ""priceComponents"": [{""vat"": 20.0, ""type"": ""ENERGY"", ""price"": 0.42, ""stepSize"": 1}]}, {""restrictions"": null, ""priceComponents"": [{""vat"": 20.0, ""type"": ""PARKING_TIME"", ""price"": 12, ""stepSize"": 1}]}]",,,,,,,,2026-07-07 01:08:41.000
FRR3-T19152,DK,MON,EUR,,"[{""restrictions"": null, ""priceComponents"": [{""vat"": 20.0, ""type"": ""ENERGY"", ""price"": 0.46, ""stepSize"": 1}]}]",,,,,,,,2026-07-07 01:35:25.000
FRSAST16153,DK,MON,EUR,,"[{""restrictions"": null, ""priceComponents"": [{""vat"": 20.0, ""type"": ""ENERGY"", ""price"": 0.28, ""stepSize"": 1}]}, {""restrictions"": null, ""priceComponents"": [{""vat"": 20.0, ""type"": ""PARKING_TIME"", ""price"": 6, ""stepSize"": 1}]}]",,,,,,,,2026-07-07 01:10:33.000
FRGRET16646,DK,MON,EUR,,"[{""restrictions"": null, ""priceComponents"": [{""vat"": 20.0, ""type"": ""ENERGY"", ""price"": 0.42, ""stepSize"": 1}]}, {""restrictions"": null, ""priceComponents"": [{""vat"": 20.0, ""type"": ""FLAT"", ""price"": 0.5, ""stepSize"": 1}]}]",,,,,,,,2026-07-07 01:19:41.000
FRR3-T19103,DK,MON,EUR,,"[{""restrictions"": null, ""priceComponents"": [{""vat"": 20.0, ""type"": ""ENERGY"", ""price"": 0.46, ""stepSize"": 1}]}]",,,,,,,,2026-07-07 01:35:04.000
FRSAST16060,DK,MON,EUR,,"[{""restrictions"": null, ""priceComponents"": [{""vat"": 20.0, ""type"": ""ENERGY"", ""price"": 0.42, ""stepSize"": 1}]}, {""restrictions"": null, ""priceComponents"": [{""vat"": 20.0, ""type"": ""PARKING_TIME"", ""price"": 12, ""stepSize"": 1}]}]",,,,,,,,2026-07-07 01:08:26.000
FRR3-T20110,DK,MON,EUR,,"[{""restrictions"": null, ""priceComponents"": [{""vat"": 20.0, ""type"": ""ENERGY"", ""price"": 0.46, ""stepSize"": 1}]}]",,,,,,,,2026-07-07 01:43:06.000
FRGRET16663,DK,MON,EUR,,"[{""restrictions"": null, ""priceComponents"": [{""vat"": 20.0, ""type"": ""ENERGY"", ""price"": 0.5, ""stepSize"": 1}]}, {""restrictions"": null, ""priceComponents"": [{""vat"": 20.0, ""type"": ""FLAT"", ""price"": 0.5, ""stepSize"": 1}]}]",,,,,,,,2026-07-07 01:19:58.000
FRSAST16700,DK,MON,EUR,,"[{""restrictions"": null, ""priceComponents"": [{""vat"": 20.0, ""type"": ""ENERGY"", ""price"": 0.28, ""stepSize"": 1}]}, {""restrictions"": null, ""priceComponents"": [{""vat"": 20.0, ""type"": ""PARKING_TIME"", ""price"": 6, ""stepSize"": 1}]}]",,,,,,,,2026-07-07 01:20:23.000
FRR3-T23516,DK,MON,EUR,,"[{""restrictions"": null, ""priceComponents"": [{""vat"": 20.0, ""type"": ""ENERGY"", ""price"": 0.23, ""stepSize"": 1}]}]",,,,,,,,2026-07-07 02:18:05.000
FRSAST16066,DK,MON,EUR,,"[{""restrictions"": null, ""priceComponents"": [{""vat"": 20.0, ""type"": ""ENERGY"", ""price"": 0.42, ""stepSize"": 1}]}, {""restrictions"": null, ""priceComponents"": [{""vat"": 20.0, ""type"": ""PARKING_TIME"", ""price"": 12, ""stepSize"": 1}]}]",,,,,,,,2026-07-07 01:08:35.000
FRSAST16701,DK,MON,EUR,,"[{""restrictions"": null, ""priceComponents"": [{""vat"": 20.0, ""type"": ""ENERGY"", ""price"": 0.28, ""stepSize"": 1}]}, {""restrictions"": null, ""priceComponents"": [{""vat"": 20.0, ""type"": ""PARKING_TIME"", ""price"": 6, ""stepSize"": 1}]}]",,,,,,,,2026-07-07 01:20:25.000
FRR3-T19246,DK,MON,EUR,,"[{""restrictions"": null, ""priceComponents"": [{""vat"": 20.0, ""type"": ""ENERGY"", ""price"": 0.46, ""stepSize"": 1}]}]",,,,,,,,2026-07-07 01:36:15.000
FRSAST17306,DK,MON,EUR,,"[{""restrictions"": null, ""priceComponents"": [{""vat"": 20.0, ""type"": ""ENERGY"", ""price"": 0.42, ""stepSize"": 1}]}, {""restrictions"": null, ""priceComponents"": [{""vat"": 20.0, ""type"": ""PARKING_TIME"", ""price"": 12, ""stepSize"": 1}]}]",,,,,,,,2026-07-07 01:22:41.000
FRSAST16080,DK,MON,EUR,,"[{""restrictions"": null, ""priceComponents"": [{""vat"": 20.0, ""type"": ""ENERGY"", ""price"": 0.42, ""stepSize"": 1}]}, {""restrictions"": null, ""priceComponents"": [{""vat"": 20.0, ""type"": ""PARKING_TIME"", ""price"": 12, ""stepSize"": 1}]}]",,,,,,,,2026-07-07 01:09:04.000
FRSAST16713,DK,MON,EUR,,"[{""restrictions"": null, ""priceComponents"": [{""vat"": 20.0, ""type"": ""ENERGY"", ""price"": 0.28, ""stepSize"": 1}]}, {""restrictions"": null, ""priceComponents"": [{""vat"": 20.0, ""type"": ""PARKING_TIME"", ""price"": 6, ""stepSize"": 1}]}]",,,,,,,,2026-07-07 01:20:30.000
FRSAST17373,DK,MON,EUR,,"[{""restrictions"": null, ""priceComponents"": [{""vat"": 20.0, ""type"": ""ENERGY"", ""price"": 0.28, ""stepSize"": 1}]}, {""restrictions"": null, ""priceComponents"": [{""vat"": 20.0, ""type"": ""PARKING_TIME"", ""price"": 6, ""stepSize"": 1}]}]",,,,,,,,2026-07-07 01:23:06.000
FRR3-T19474,DK,MON,EUR,,"[{""restrictions"": null, ""priceComponents"": [{""vat"": 20.0, ""type"": ""ENERGY"", ""price"": 0.3, ""stepSize"": 1}]}]",,,,,,,,2026-07-07 01:38:03.000
FRR3-T19525,DK,MON,EUR,,"[{""restrictions"": null, ""priceComponents"": [{""vat"": 20.0, ""type"": ""ENERGY"", ""price"": 0.46, ""stepSize"": 1}]}]",,,,,,,,2026-07-07 01:38:23.000
FRSAST16667,DK,MON,EUR,,"[{""restrictions"": null, ""priceComponents"": [{""vat"": 20.0, ""type"": ""ENERGY"", ""price"": 0.28, ""stepSize"": 1}]}, {""restrictions"": null, ""priceComponents"": [{""vat"": 20.0, ""type"": ""PARKING_TIME"", ""price"": 6, ""stepSize"": 1}]}]",,,,,,,,2026-07-07 01:20:00.000
FRR3-T18979,DK,MON,EUR,,"[{""restrictions"": null, ""priceComponents"": [{""vat"": 20.0, ""type"": ""ENERGY"", ""price"": 0.46, ""stepSize"": 1}]}]",,,,,,,,2026-07-07 01:34:13.000
FRR3-T18780,DK,MON,EUR,,"[{""restrictions"": null, ""priceComponents"": [{""vat"": 20.0, ""type"": ""ENERGY"", ""price"": 0.46, ""stepSize"": 1}]}]",,,,,,,,2026-07-07 01:32:42.000
FRR3-T19172,DK,MON,EUR,,"[{""restrictions"": null, ""priceComponents"": [{""vat"": 20.0, ""type"": ""ENERGY"", ""price"": 0.46, ""stepSize"": 1}]}]",,,,,,,,2026-07-07 01:35:37.000
FRSAST16026,DK,MON,EUR,,"[{""restrictions"": null, ""priceComponents"": [{""vat"": 20.0, ""type"": ""ENERGY"", ""price"": 0.28, ""stepSize"": 1}]}, {""restrictions"": null, ""priceComponents"": [{""vat"": 20.0, ""type"": ""PARKING_TIME"", ""price"": 6, ""stepSize"": 1}]}]",,,,,,,,2026-07-07 01:07:29.000
FRSAST16458,DK,MON,EUR,,"[{""restrictions"": null, ""priceComponents"": [{""vat"": 20.0, ""type"": ""ENERGY"", ""price"": 0.28, ""stepSize"": 1}]}, {""restrictions"": null, ""priceComponents"": [{""vat"": 20.0, ""type"": ""PARKING_TIME"", ""price"": 6, ""stepSize"": 1}]}]",,,,,,,,2026-07-07 01:17:42.000
FRR3-T24082,DK,MON,EUR,,"[{""restrictions"": null, ""priceComponents"": [{""vat"": 20.0, ""type"": ""ENERGY"", ""price"": 0.3, ""stepSize"": 1}]}]",,,,,,,,2026-07-07 02:23:29.000
FRR3-T19112,DK,MON,EUR,,"[{""restrictions"": null, ""priceComponents"": [{""vat"": 20.0, ""type"": ""ENERGY"", ""price"": 0.46, ""stepSize"": 1}]}]",,,,,,,,2026-07-07 01:35:10.000
FRR3-T19395,DK,MON,EUR,,"[{""restrictions"": null, ""priceComponents"": [{""vat"": 20.0, ""type"": ""ENERGY"", ""price"": 0.46, ""stepSize"": 1}]}]",,,,,,,,2026-07-07 01:37:28.000
FRR3-T19202,DK,MON,EUR,,"[{""restrictions"": null, ""priceComponents"": [{""vat"": 20.0, ""type"": ""ENERGY"", ""price"": 0.46, ""stepSize"": 1}]}]",,,,,,,,2026-07-07 01:35:52.000
FRSAST16205,DK,MON,EUR,,"[{""restrictions"": null, ""priceComponents"": [{""vat"": 20.0, ""type"": ""ENERGY"", ""price"": 0.28, ""stepSize"": 1}]}, {""restrictions"": null, ""priceComponents"": [{""vat"": 20.0, ""type"": ""PARKING_TIME"", ""price"": 6, ""stepSize"": 1}]}]",,,,,,,,2026-07-07 01:11:43.000
FRR3-T19521,DK,MON,EUR,,"[{""restrictions"": null, ""priceComponents"": [{""vat"": 20.0, ""type"": ""ENERGY"", ""price"": 0.46, ""stepSize"": 1}]}]",,,,,,,,2026-07-07 01:38:21.000
FRSAST16490,DK,MON,EUR,,"[{""restrictions"": null, ""priceComponents"": [{""vat"": 20.0, ""type"": ""ENERGY"", ""price"": 0.28, ""stepSize"": 1}]}, {""restrictions"": null, ""priceComponents"": [{""vat"": 20.0, ""type"": ""PARKING_TIME"", ""price"": 6, ""stepSize"": 1}]}]",,,,,,,,2026-07-07 01:18:00.000
FRR3-T18673,DK,MON,EUR,,"[{""restrictions"": null, ""priceComponents"": [{""vat"": 20.0, ""type"": ""ENERGY"", ""price"": 0.46, ""stepSize"": 1}]}]",,,,,,,,2026-07-07 01:31:50.000
FRR3-T19158,DK,MON,EUR,,"[{""restrictions"": null, ""priceComponents"": [{""vat"": 20.0, ""type"": ""ENERGY"", ""price"": 0.3, ""stepSize"": 1}]}]",,,,,,,,2026-07-07 01:35:29.000
FRR3-T24072,DK,MON,EUR,,"[{""restrictions"": null, ""priceComponents"": [{""vat"": 20.0, ""type"": ""ENERGY"", ""price"": 0.46, ""stepSize"": 1}]}]",,,,,,,,2026-07-07 02:23:24.000
FRR3-T21957,DK,MON,EUR,,"[{""restrictions"": null, ""priceComponents"": [{""vat"": 20.0, ""type"": ""ENERGY"", ""price"": 0.46, ""stepSize"": 1}]}]",,,,,,,,2026-07-07 01:59:40.000
FRR3-T18685,DK,MON,EUR,,"[{""restrictions"": null, ""priceComponents"": [{""vat"": 20.0, ""type"": ""ENERGY"", ""price"": 0.46, ""stepSize"": 1}]}]",,,,,,,,2026-07-07 01:31:59.000
FRR3-T20108,DK,MON,EUR,,"[{""restrictions"": null, ""priceComponents"": [{""vat"": 20.0, ""type"": ""ENERGY"", ""price"": 0.3, ""stepSize"": 1}]}]",,,,,,,,2026-07-07 01:43:04.000
FRR3-T19213,DK,MON,EUR,,"[{""restrictions"": null, ""priceComponents"": [{""vat"": 20.0, ""type"": ""ENERGY"", ""price"": 0.46, ""stepSize"": 1}]}]",,,,,,,,2026-07-07 01:35:58.000
FRSAST16055,DK,MON,EUR,,"[{""restrictions"": null, ""priceComponents"": [{""vat"": 20.0, ""type"": ""ENERGY"", ""price"": 0.42, ""stepSize"": 1}]}, {""restrictions"": null, ""priceComponents"": [{""vat"": 20.0, ""type"": ""PARKING_TIME"", ""price"": 12, ""stepSize"": 1}]}]",,,,,,,,2026-07-07 01:08:16.000
FRSAST16310,DK,MON,EUR,,"[{""restrictions"": null, ""priceComponents"": [{""vat"": 20.0, ""type"": ""ENERGY"", ""price"": 0.28, ""stepSize"": 1}]}, {""restrictions"": null, ""priceComponents"": [{""vat"": 20.0, ""type"": ""PARKING_TIME"", ""price"": 6, ""stepSize"": 1}]}]",,,,,,,,2026-07-07 01:14:14.000
FRR3-T19462,DK,MON,EUR,,"[{""restrictions"": null, ""priceComponents"": [{""vat"": 20.0, ""type"": ""ENERGY"", ""price"": 0.46, ""stepSize"": 1}]}]",,,,,,,,2026-07-07 01:37:56.000
FRSAST16711,DK,MON,EUR,,"[{""restrictions"": null, ""priceComponents"": [{""vat"": 20.0, ""type"": ""ENERGY"", ""price"": 0.28, ""stepSize"": 1}]}, {""restrictions"": null, ""priceComponents"": [{""vat"": 20.0, ""type"": ""PARKING_TIME"", ""price"": 6, ""stepSize"": 1}]}]",,,,,,,,2026-07-07 01:20:28.000
FRR3-T18677,DK,MON,EUR,,"[{""restrictions"": null, ""priceComponents"": [{""vat"": 20.0, ""type"": ""ENERGY"", ""price"": 0.46, ""stepSize"": 1}]}]",,,,,,,,2026-07-07 01:31:52.000
FRSAST16073,DK,MON,EUR,,"[{""restrictions"": null, ""priceComponents"": [{""vat"": 20.0, ""type"": ""ENERGY"", ""price"": 0.42, ""stepSize"": 1}]}, {""restrictions"": null, ""priceComponents"": [{""vat"": 20.0, ""type"": ""PARKING_TIME"", ""price"": 12, ""stepSize"": 1}]}]",,,,,,,,2026-07-07 01:08:47.000
FRSAST16052,DK,MON,EUR,,"[{""restrictions"": null, ""priceComponents"": [{""vat"": 20.0, ""type"": ""ENERGY"", ""price"": 0.42, ""stepSize"": 1}]}, {""restrictions"": null, ""priceComponents"": [{""vat"": 20.0, ""type"": ""PARKING_TIME"", ""price"": 12, ""stepSize"": 1}]}]",,,,,,,,2026-07-07 01:08:11.000
FRR3-T18684,DK,MON,EUR,,"[{""restrictions"": null, ""priceComponents"": [{""vat"": 20.0, ""type"": ""ENERGY"", ""price"": 0.3, ""stepSize"": 1}]}]",,,,,,,,2026-07-07 01:31:58.000
FRGRET16662,DK,MON,EUR,,"[{""restrictions"": null, ""priceComponents"": [{""vat"": 20.0, ""type"": ""ENERGY"", ""price"": 0.42, ""stepSize"": 1}]}, {""restrictions"": null, ""priceComponents"": [{""vat"": 20.0, ""type"": ""FLAT"", ""price"": 0.5, ""stepSize"": 1}]}]",,,,,,,,2026-07-07 01:19:56.000
FRSAST20030,DK,MON,EUR,,"[{""restrictions"": null, ""priceComponents"": [{""vat"": 20.0, ""type"": ""ENERGY"", ""price"": 0.28, ""stepSize"": 1}]}, {""restrictions"": null, ""priceComponents"": [{""vat"": 20.0, ""type"": ""PARKING_TIME"", ""price"": 6, ""stepSize"": 1}]}]",,,,,,,,2026-07-07 01:42:31.000
FRR3-T19198,DK,MON,EUR,,"[{""restrictions"": null, ""priceComponents"": [{""vat"": 20.0, ""type"": ""ENERGY"", ""price"": 0.46, ""stepSize"": 1}]}]",,,,,,,,2026-07-07 01:35:50.000
FRGRET16657,DK,MON,EUR,,"[{""restrictions"": null, ""priceComponents"": [{""vat"": 20.0, ""type"": ""ENERGY"", ""price"": 0.42, ""stepSize"": 1}]}, {""restrictions"": null, ""priceComponents"": [{""vat"": 20.0, ""type"": ""FLAT"", ""price"": 0.5, ""stepSize"": 1}]}]",,,,,,,,2026-07-07 01:19:52.000
FRSAST16056,DK,MON,EUR,,"[{""restrictions"": null, ""priceComponents"": [{""vat"": 20.0, ""type"": ""ENERGY"", ""price"": 0.42, ""stepSize"": 1}]}, {""restrictions"": null, ""priceComponents"": [{""vat"": 20.0, ""type"": ""PARKING_TIME"", ""price"": 12, ""stepSize"": 1}]}]",,,,,,,,2026-07-07 01:08:17.000
FRR3-T19451,DK,MON,EUR,,"[{""restrictions"": null, ""priceComponents"": [{""vat"": 20.0, ""type"": ""ENERGY"", ""price"": 0.3, ""stepSize"": 1}]}]",,,,,,,,2026-07-07 01:37:55.000
FRGRET16652,DK,MON,EUR,,"[{""restrictions"": null, ""priceComponents"": [{""vat"": 20.0, ""type"": ""ENERGY"", ""price"": 0.29, ""stepSize"": 1}]}, {""restrictions"": null, ""priceComponents"": [{""vat"": 20.0, ""type"": ""FLAT"", ""price"": 0.5, ""stepSize"": 1}]}]",,,,,,,,2026-07-07 01:19:46.000
FRSAST16039,DK,MON,EUR,,"[{""restrictions"": null, ""priceComponents"": [{""vat"": 20.0, ""type"": ""ENERGY"", ""price"": 0.42, ""stepSize"": 1}]}, {""restrictions"": null, ""priceComponents"": [{""vat"": 20.0, ""type"": ""PARKING_TIME"", ""price"": 12, ""stepSize"": 1}]}]",,,,,,,,2026-07-07 01:07:52.000
FRR3-T18680,DK,MON,EUR,,"[{""restrictions"": null, ""priceComponents"": [{""vat"": 20.0, ""type"": ""ENERGY"", ""price"": 0.3, ""stepSize"": 1}]}]",,,,,,,,2026-07-07 01:31:55.000
FRR3-T19110,DK,MON,EUR,,"[{""restrictions"": null, ""priceComponents"": [{""vat"": 20.0, ""type"": ""ENERGY"", ""price"": 0.46, ""stepSize"": 1}]}]",,,,,,,,2026-07-07 01:35:09.000
FRSAST16109,DK,MON,EUR,,"[{""restrictions"": null, ""priceComponents"": [{""vat"": 20.0, ""type"": ""ENERGY"", ""price"": 0.42, ""stepSize"": 1}]}, {""restrictions"": null, ""priceComponents"": [{""vat"": 20.0, ""type"": ""PARKING_TIME"", ""price"": 12, ""stepSize"": 1}]}]",,,,,,,,2026-07-07 01:09:39.000
FRSAST16096,DK,MON,EUR,,"[{""restrictions"": null, ""priceComponents"": [{""vat"": 20.0, ""type"": ""ENERGY"", ""price"": 0.42, ""stepSize"": 1}]}, {""restrictions"": null, ""priceComponents"": [{""vat"": 20.0, ""type"": ""PARKING_TIME"", ""price"": 12, ""stepSize"": 1}]}]",,,,,,,,2026-07-07 01:09:22.000
FRR3-T19549,DK,MON,EUR,,"[{""restrictions"": null, ""priceComponents"": [{""vat"": 20.0, ""type"": ""ENERGY"", ""price"": 0.3, ""stepSize"": 1}]}]",,,,,,,,2026-07-07 01:38:34.000
FRR3-T19201,DK,MON,EUR,,"[{""restrictions"": null, ""priceComponents"": [{""vat"": 20.0, ""type"": ""ENERGY"", ""price"": 0.46, ""stepSize"": 1}]}]",,,,,,,,2026-07-07 01:35:52.000
FRSAST17193,DK,MON,EUR,,"[{""restrictions"": null, ""priceComponents"": [{""vat"": 20.0, ""type"": ""ENERGY"", ""price"": 0.42, ""stepSize"": 1}]}, {""restrictions"": null, ""priceComponents"": [{""vat"": 20.0, ""type"": ""PARKING_TIME"", ""price"": 12, ""stepSize"": 1}]}]",,,,,,,,2026-07-07 01:22:09.000
FRR3-T19713,DK,MON,EUR,,"[{""restrictions"": null, ""priceComponents"": [{""vat"": 20.0, ""type"": ""ENERGY"", ""price"": 0.46, ""stepSize"": 1}]}]",,,,,,,,2026-07-07 01:39:59.000
FRR3-T19126,DK,MON,EUR,,"[{""restrictions"": null, ""priceComponents"": [{""vat"": 20.0, ""type"": ""ENERGY"", ""price"": 0.46, ""stepSize"": 1}]}]",,,,,,,,2026-07-07 01:35:15.000
FRSAST16204,DK,MON,EUR,,"[{""restrictions"": null, ""priceComponents"": [{""vat"": 20.0, ""type"": ""ENERGY"", ""price"": 0.28, ""stepSize"": 1}]}, {""restrictions"": null, ""priceComponents"": [{""vat"": 20.0, ""type"": ""PARKING_TIME"", ""price"": 6, ""stepSize"": 1}]}]",,,,,,,,2026-07-07 01:11:41.000
FRSAST17194,DK,MON,EUR,,"[{""restrictions"": null, ""priceComponents"": [{""vat"": 20.0, ""type"": ""ENERGY"", ""price"": 0.28, ""stepSize"": 1}]}, {""restrictions"": null, ""priceComponents"": [{""vat"": 20.0, ""type"": ""PARKING_TIME"", ""price"": 6, ""stepSize"": 1}]}]",,,,,,,,2026-07-07 01:22:10.000
FRR3-T19526,DK,MON,EUR,,"[{""restrictions"": null, ""priceComponents"": [{""vat"": 20.0, ""type"": ""ENERGY"", ""price"": 0.46, ""stepSize"": 1}]}]",,,,,,,,2026-07-07 01:38:24.000
FRR3-T19548,DK,MON,EUR,,"[{""restrictions"": null, ""priceComponents"": [{""vat"": 20.0, ""type"": ""ENERGY"", ""price"": 0.46, ""stepSize"": 1}]}]",,,,,,,,2026-07-07 01:38:33.000
FRSAST16150,DK,MON,EUR,,"[{""restrictions"": null, ""priceComponents"": [{""vat"": 20.0, ""type"": ""ENERGY"", ""price"": 0.28, ""stepSize"": 1}]}, {""restrictions"": null, ""priceComponents"": [{""vat"": 20.0, ""type"": ""PARKING_TIME"", ""price"": 6, ""stepSize"": 1}]}]",,,,,,,,2026-07-07 01:10:29.000
FRSAST16068,DK,MON,EUR,,"[{""restrictions"": null, ""priceComponents"": [{""vat"": 20.0, ""type"": ""ENERGY"", ""price"": 0.42, ""stepSize"": 1}]}, {""restrictions"": null, ""priceComponents"": [{""vat"": 20.0, ""type"": ""PARKING_TIME"", ""price"": 12, ""stepSize"": 1}]}]",,,,,,,,2026-07-07 01:08:37.000
FRR3-T19245,DK,MON,EUR,,"[{""restrictions"": null, ""priceComponents"": [{""vat"": 20.0, ""type"": ""ENERGY"", ""price"": 0.46, ""stepSize"": 1}]}]",,,,,,,,2026-07-07 01:36:14.000
FRR3-T19177,DK,MON,EUR,,"[{""restrictions"": null, ""priceComponents"": [{""vat"": 20.0, ""type"": ""ENERGY"", ""price"": 0.46, ""stepSize"": 1}]}]",,,,,,,,2026-07-07 01:35:40.000
FRSAST16069,DK,MON,EUR,,"[{""restrictions"": null, ""priceComponents"": [{""vat"": 20.0, ""type"": ""ENERGY"", ""price"": 0.42, ""stepSize"": 1}]}, {""restrictions"": null, ""priceComponents"": [{""vat"": 20.0, ""type"": ""PARKING_TIME"", ""price"": 12, ""stepSize"": 1}]}]",,,,,,,,2026-07-07 01:08:39.000
FRSAST15590,DK,MON,EUR,,"[{""restrictions"": null, ""priceComponents"": [{""vat"": 20.0, ""type"": ""ENERGY"", ""price"": 0.28, ""stepSize"": 1}]}, {""restrictions"": null, ""priceComponents"": [{""vat"": 20.0, ""type"": ""PARKING_TIME"", ""price"": 6, ""stepSize"": 1}]}]",,,,,,,,2026-07-07 00:59:51.000
FRSAST16077,DK,MON,EUR,,"[{""restrictions"": null, ""priceComponents"": [{""vat"": 20.0, ""type"": ""ENERGY"", ""price"": 0.42, ""stepSize"": 1}]}, {""restrictions"": null, ""priceComponents"": [{""vat"": 20.0, ""type"": ""PARKING_TIME"", ""price"": 12, ""stepSize"": 1}]}]",,,,,,,,2026-07-07 01:08:55.000
FRR3-T19104,DK,MON,EUR,,"[{""restrictions"": null, ""priceComponents"": [{""vat"": 20.0, ""type"": ""ENERGY"", ""price"": 0.46, ""stepSize"": 1}]}]",,,,,,,,2026-07-07 01:35:05.000
FRSAST16151,DK,MON,EUR,,"[{""restrictions"": null, ""priceComponents"": [{""vat"": 20.0, ""type"": ""ENERGY"", ""price"": 0.28, ""stepSize"": 1}]}, {""restrictions"": null, ""priceComponents"": [{""vat"": 20.0, ""type"": ""PARKING_TIME"", ""price"": 6, ""stepSize"": 1}]}]",,,,,,,,2026-07-07 01:10:31.000
FRSAST16718,DK,MON,EUR,,"[{""restrictions"": null, ""priceComponents"": [{""vat"": 20.0, ""type"": ""ENERGY"", ""price"": 0.28, ""stepSize"": 1}]}, {""restrictions"": null, ""priceComponents"": [{""vat"": 20.0, ""type"": ""PARKING_TIME"", ""price"": 6, ""stepSize"": 1}]}]",,,,,,,,2026-07-07 01:20:33.000
FRSAST16118,DK,MON,EUR,,"[{""restrictions"": null, ""priceComponents"": [{""vat"": 20.0, ""type"": ""ENERGY"", ""price"": 0.42, ""stepSize"": 1}]}, {""restrictions"": null, ""priceComponents"": [{""vat"": 20.0, ""type"": ""PARKING_TIME"", ""price"": 12, ""stepSize"": 1}]}]",,,,,,,,2026-07-07 01:09:51.000
FRR3-T19186,DK,MON,EUR,,"[{""restrictions"": null, ""priceComponents"": [{""vat"": 20.0, ""type"": ""ENERGY"", ""price"": 0.46, ""stepSize"": 1}]}]",,,,,,,,2026-07-07 01:35:44.000
FRGRET16659,DK,MON,EUR,,"[{""restrictions"": null, ""priceComponents"": [{""vat"": 20.0, ""type"": ""ENERGY"", ""price"": 0.29, ""stepSize"": 1}]}, {""restrictions"": null, ""priceComponents"": [{""vat"": 20.0, ""type"": ""FLAT"", ""price"": 0.5, ""stepSize"": 1}]}]",,,,,,,,2026-07-07 01:19:54.000
FRR3-T19199,DK,MON,EUR,,"[{""restrictions"": null, ""priceComponents"": [{""vat"": 20.0, ""type"": ""ENERGY"", ""price"": 0.46, ""stepSize"": 1}]}]",,,,,,,,2026-07-07 01:35:51.000
FRR3-T19545,DK,MON,EUR,,"[{""restrictions"": null, ""priceComponents"": [{""vat"": 20.0, ""type"": ""ENERGY"", ""price"": 0.46, ""stepSize"": 1}]}]",,,,,,,,2026-07-07 01:38:32.000
FRSAST16044,DK,MON,EUR,,"[{""restrictions"": null, ""priceComponents"": [{""vat"": 20.0, ""type"": ""ENERGY"", ""price"": 0.42, ""stepSize"": 1}]}, {""restrictions"": null, ""priceComponents"": [{""vat"": 20.0, ""type"": ""PARKING_TIME"", ""price"": 12, ""stepSize"": 1}]}]",,,,,,,,2026-07-07 01:08:00.000
FRDBTT17901,DK,MON,EUR,,"[{""restrictions"": null, ""priceComponents"": [{""vat"": 20.0, ""type"": ""ENERGY"", ""price"": 0.333, ""stepSize"": 1}]}]",,,,,,,,2026-07-07 01:26:11.000
FRSAST16103,DK,MON,EUR,,"[{""restrictions"": null, ""priceComponents"": [{""vat"": 20.0, ""type"": ""ENERGY"", ""price"": 0.42, ""stepSize"": 1}]}, {""restrictions"": null, ""priceComponents"": [{""vat"": 20.0, ""type"": ""PARKING_TIME"", ""price"": 12, ""stepSize"": 1}]}]",,,,,,,,2026-07-07 01:09:31.000
FRR3-T19171,DK,MON,EUR,,"[{""restrictions"": null, ""priceComponents"": [{""vat"": 20.0, ""type"": ""ENERGY"", ""price"": 0.46, ""stepSize"": 1}]}]",,,,,,,,2026-07-07 01:35:36.000
FRR3-T20930,DK,MON,EUR,,"[{""restrictions"": null, ""priceComponents"": [{""vat"": 20.0, ""type"": ""ENERGY"", ""price"": 0.46, ""stepSize"": 1}]}]",,,,,,,,2026-07-07 01:49:37.000
FRSAST16035,DK,MON,EUR,,"[{""restrictions"": null, ""priceComponents"": [{""vat"": 20.0, ""type"": ""ENERGY"", ""price"": 0.28, ""stepSize"": 1}]}, {""restrictions"": null, ""priceComponents"": [{""vat"": 20.0, ""type"": ""PARKING_TIME"", ""price"": 6, ""stepSize"": 1}]}]",,,,,,,,2026-07-07 01:07:47.000
FRSAST17367,DK,MON,EUR,,"[{""restrictions"": null, ""priceComponents"": [{""vat"": 20.0, ""type"": ""ENERGY"", ""price"": 0.28, ""stepSize"": 1}]}, {""restrictions"": null, ""priceComponents"": [{""vat"": 20.0, ""type"": ""PARKING_TIME"", ""price"": 6, ""stepSize"": 1}]}]",,,,,,,,2026-07-07 01:23:03.000
FRSAST16697,DK,MON,EUR,,"[{""restrictions"": null, ""priceComponents"": [{""vat"": 20.0, ""type"": ""ENERGY"", ""price"": 0.28, ""stepSize"": 1}]}, {""restrictions"": null, ""priceComponents"": [{""vat"": 20.0, ""type"": ""PARKING_TIME"", ""price"": 6, ""stepSize"": 1}]}]",,,,,,,,2026-07-07 01:20:19.000
FRR3-T19635,DK,MON,EUR,,"[{""restrictions"": null, ""priceComponents"": [{""vat"": 20.0, ""type"": ""ENERGY"", ""price"": 0.46, ""stepSize"": 1}]}]",,,,,,,,2026-07-07 01:39:23.000
FRSAST16051,DK,MON,EUR,,"[{""restrictions"": null, ""priceComponents"": [{""vat"": 20.0, ""type"": ""ENERGY"", ""price"": 0.42, ""stepSize"": 1}]}, {""restrictions"": null, ""priceComponents"": [{""vat"": 20.0, ""type"": ""PARKING_TIME"", ""price"": 12, ""stepSize"": 1}]}]",,,,,,,,2026-07-07 01:08:08.000
FRR3-T19134,DK,MON,EUR,,"[{""restrictions"": null, ""priceComponents"": [{""vat"": 20.0, ""type"": ""ENERGY"", ""price"": 0.46, ""stepSize"": 1}]}]",,,,,,,,2026-07-07 01:35:18.000
FRR3-T19129,DK,MON,EUR,,"[{""restrictions"": null, ""priceComponents"": [{""vat"": 20.0, ""type"": ""ENERGY"", ""price"": 0.46, ""stepSize"": 1}]}]",,,,,,,,2026-07-07 01:35:17.000
FRR3-T19151,DK,MON,EUR,,"[{""restrictions"": null, ""priceComponents"": [{""vat"": 20.0, ""type"": ""ENERGY"", ""price"": 0.46, ""stepSize"": 1}]}]",,,,,,,,2026-07-07 01:35:25.000
FRSAST16152,DK,MON,EUR,,"[{""restrictions"": null, ""priceComponents"": [{""vat"": 20.0, ""type"": ""ENERGY"", ""price"": 0.28, ""stepSize"": 1}]}, {""restrictions"": null, ""priceComponents"": [{""vat"": 20.0, ""type"": ""PARKING_TIME"", ""price"": 6, ""stepSize"": 1}]}]",,,,,,,,2026-07-07 01:10:33.000
FRR3-T19712,DK,MON,EUR,,"[{""restrictions"": null, ""priceComponents"": [{""vat"": 20.0, ""type"": ""ENERGY"", ""price"": 0.3, ""stepSize"": 1}]}]",,,,,,,,2026-07-07 01:39:57.000
FRR3-T19131,DK,MON,EUR,,"[{""restrictions"": null, ""priceComponents"": [{""vat"": 20.0, ""type"": ""ENERGY"", ""price"": 0.46, ""stepSize"": 1}]}]",,,,,,,,2026-07-07 01:35:18.000
FRR3-T20109,DK,MON,EUR,,"[{""restrictions"": null, ""priceComponents"": [{""vat"": 20.0, ""type"": ""ENERGY"", ""price"": 0.46, ""stepSize"": 1}]}]",,,,,,,,2026-07-07 01:43:05.000
FRR3-T19721,DK,MON,EUR,,"[{""restrictions"": null, ""priceComponents"": [{""vat"": 20.0, ""type"": ""ENERGY"", ""price"": 0.3, ""stepSize"": 1}]}]",,,,,,,,2026-07-07 01:40:04.000
FRSAST18321,DK,MON,EUR,,"[{""restrictions"": null, ""priceComponents"": [{""vat"": 20.0, ""type"": ""ENERGY"", ""price"": 0.45, ""stepSize"": 1}]}]",,,,,,,,2026-07-07 01:28:50.000
FRSAST17245,DK,MON,EUR,,"[{""restrictions"": null, ""priceComponents"": [{""vat"": 20.0, ""type"": ""ENERGY"", ""price"": 0.28, ""stepSize"": 1}]}, {""restrictions"": null, ""priceComponents"": [{""vat"": 20.0, ""type"": ""PARKING_TIME"", ""price"": 6, ""stepSize"": 1}]}]",,,,,,,,2026-07-07 01:22:23.000
FRSAST15585,DK,MON,EUR,,"[{""restrictions"": null, ""priceComponents"": [{""vat"": 20.0, ""type"": ""ENERGY"", ""price"": 0.28, ""stepSize"": 1}]}, {""restrictions"": null, ""priceComponents"": [{""vat"": 20.0, ""type"": ""PARKING_TIME"", ""price"": 6, ""stepSize"": 1}]}]",,,,,,,,2026-07-07 00:59:49.000
FRSAST16071,DK,MON,EUR,,"[{""restrictions"": null, ""priceComponents"": [{""vat"": 20.0, ""type"": ""ENERGY"", ""price"": 0.42, ""stepSize"": 1}]}, {""restrictions"": null, ""priceComponents"": [{""vat"": 20.0, ""type"": ""PARKING_TIME"", ""price"": 12, ""stepSize"": 1}]}]",,,,,,,,2026-07-07 01:08:44.000
FRR3-T19107,DK,MON,EUR,,"[{""restrictions"": null, ""priceComponents"": [{""vat"": 20.0, ""type"": ""ENERGY"", ""price"": 0.46, ""stepSize"": 1}]}]",,,,,,,,2026-07-07 01:35:08.000
FRR3-T19729,DK,MON,EUR,,"[{""restrictions"": null, ""priceComponents"": [{""vat"": 20.0, ""type"": ""ENERGY"", ""price"": 0.46, ""stepSize"": 1}]}]",,,,,,,,2026-07-07 01:40:12.000
FRSAST15583,DK,MON,EUR,,"[{""restrictions"": null, ""priceComponents"": [{""vat"": 20.0, ""type"": ""ENERGY"", ""price"": 0.28, ""stepSize"": 1}]}, {""restrictions"": null, ""priceComponents"": [{""vat"": 20.0, ""type"": ""PARKING_TIME"", ""price"": 6, ""stepSize"": 1}]}]",,,,,,,,2026-07-07 00:59:49.000
FRSAST16250,DK,MON,EUR,,"[{""restrictions"": null, ""priceComponents"": [{""vat"": 20.0, ""type"": ""ENERGY"", ""price"": 0.28, ""stepSize"": 1}]}, {""restrictions"": null, ""priceComponents"": [{""vat"": 20.0, ""type"": ""PARKING_TIME"", ""price"": 6, ""stepSize"": 1}]}]",,,,,,,,2026-07-07 01:12:32.000
FRR3-T19711,DK,MON,EUR,,"[{""restrictions"": null, ""priceComponents"": [{""vat"": 20.0, ""type"": ""ENERGY"", ""price"": 0.46, ""stepSize"": 1}]}]",,,,,,,,2026-07-07 01:39:57.000
FRR3-T19575,DK,MON,EUR,,"[{""restrictions"": null, ""priceComponents"": [{""vat"": 20.0, ""type"": ""ENERGY"", ""price"": 0.46, ""stepSize"": 1}]}]",,,,,,,,2026-07-07 01:38:51.000
FRR3-T19460,DK,MON,EUR,,"[{""restrictions"": null, ""priceComponents"": [{""vat"": 20.0, ""type"": ""ENERGY"", ""price"": 0.3, ""stepSize"": 1}]}]",,,,,,,,2026-07-07 01:37:56.000
FRR3-T20746,DK,MON,EUR,,"[{""restrictions"": null, ""priceComponents"": [{""vat"": 20.0, ""type"": ""ENERGY"", ""price"": 0.3, ""stepSize"": 1}]}]",,,,,,,,2026-07-07 01:47:43.000
FRSAST16063,DK,MON,EUR,,"[{""restrictions"": null, ""priceComponents"": [{""vat"": 20.0, ""type"": ""ENERGY"", ""price"": 0.28, ""stepSize"": 1}]}, {""restrictions"": null, ""priceComponents"": [{""vat"": 20.0, ""type"": ""PARKING_TIME"", ""price"": 6, ""stepSize"": 1}]}]",,,,,,,,2026-07-07 01:08:29.000
FRR3-T19215,DK,MON,EUR,,"[{""restrictions"": null, ""priceComponents"": [{""vat"": 20.0, ""type"": ""ENERGY"", ""price"": 0.46, ""stepSize"": 1}]}]",,,,,,,,2026-07-07 01:35:59.000
FRR3-T19730,DK,MON,EUR,,"[{""restrictions"": null, ""priceComponents"": [{""vat"": 20.0, ""type"": ""ENERGY"", ""price"": 0.3, ""stepSize"": 1}]}]",,,,,,,,2026-07-07 01:40:13.000
FRR3-T19130,DK,MON,EUR,,"[{""restrictions"": null, ""priceComponents"": [{""vat"": 20.0, ""type"": ""ENERGY"", ""price"": 0.46, ""stepSize"": 1}]}]",,,,,,,,2026-07-07 01:35:17.000
FRR3-T22002,DK,MON,EUR,,"[{""restrictions"": null, ""priceComponents"": [{""vat"": 20.0, ""type"": ""ENERGY"", ""price"": 0.46, ""stepSize"": 1}]}]",,,,,,,,2026-07-07 02:00:03.000
FRR3-T24029,DK,MON,EUR,,"[{""restrictions"": null, ""priceComponents"": [{""vat"": 20.0, ""type"": ""ENERGY"", ""price"": 0.46, ""stepSize"": 1}]}]",,,,,,,,2026-07-07 02:22:56.000
FRSAST16074,DK,MON,EUR,,"[{""restrictions"": null, ""priceComponents"": [{""vat"": 20.0, ""type"": ""ENERGY"", ""price"": 0.42, ""stepSize"": 1}]}, {""restrictions"": null, ""priceComponents"": [{""vat"": 20.0, ""type"": ""PARKING_TIME"", ""price"": 12, ""stepSize"": 1}]}]",,,,,,,,2026-07-07 01:08:49.000
FRSAST17311,DK,MON,EUR,,"[{""restrictions"": null, ""priceComponents"": [{""vat"": 20.0, ""type"": ""ENERGY"", ""price"": 0.42, ""stepSize"": 1}]}, {""restrictions"": null, ""priceComponents"": [{""vat"": 20.0, ""type"": ""PARKING_TIME"", ""price"": 12, ""stepSize"": 1}]}]",,,,,,,,2026-07-07 01:22:44.000
FRSAST16057,DK,MON,EUR,,"[{""restrictions"": null, ""priceComponents"": [{""vat"": 20.0, ""type"": ""ENERGY"", ""price"": 0.42, ""stepSize"": 1}]}, {""restrictions"": null, ""priceComponents"": [{""vat"": 20.0, ""type"": ""PARKING_TIME"", ""price"": 12, ""stepSize"": 1}]}]",,,,,,,,2026-07-07 01:08:20.000
FRSAST16086,DK,MON,EUR,,"[{""restrictions"": null, ""priceComponents"": [{""vat"": 20.0, ""type"": ""ENERGY"", ""price"": 0.42, ""stepSize"": 1}]}, {""restrictions"": null, ""priceComponents"": [{""vat"": 20.0, ""type"": ""PARKING_TIME"", ""price"": 12, ""stepSize"": 1}]}]",,,,,,,,2026-07-07 01:09:09.000
FRSAST16093,DK,MON,EUR,,"[{""restrictions"": null, ""priceComponents"": [{""vat"": 20.0, ""type"": ""ENERGY"", ""price"": 0.42, ""stepSize"": 1}]}, {""restrictions"": null, ""priceComponents"": [{""vat"": 20.0, ""type"": ""PARKING_TIME"", ""price"": 12, ""stepSize"": 1}]}]",,,,,,,,2026-07-07 01:09:19.000
FRR3-T18678,DK,MON,EUR,,"[{""restrictions"": null, ""priceComponents"": [{""vat"": 20.0, ""type"": ""ENERGY"", ""price"": 0.46, ""stepSize"": 1}]}]",,,,,,,,2026-07-07 01:31:53.000
FRSAST16053,DK,MON,EUR,,"[{""restrictions"": null, ""priceComponents"": [{""vat"": 20.0, ""type"": ""ENERGY"", ""price"": 0.42, ""stepSize"": 1}]}, {""restrictions"": null, ""priceComponents"": [{""vat"": 20.0, ""type"": ""PARKING_TIME"", ""price"": 12, ""stepSize"": 1}]}]",,,,,,,,2026-07-07 01:08:11.000
FRSAST17534,DK,MON,EUR,,"[{""restrictions"": null, ""priceComponents"": [{""vat"": 20.0, ""type"": ""ENERGY"", ""price"": 0.28, ""stepSize"": 1}]}, {""restrictions"": null, ""priceComponents"": [{""vat"": 20.0, ""type"": ""PARKING_TIME"", ""price"": 6, ""stepSize"": 1}]}]",,,,,,,,2026-07-07 01:23:57.000
FRR3-T19551,DK,MON,EUR,,"[{""restrictions"": null, ""priceComponents"": [{""vat"": 20.0, ""type"": ""ENERGY"", ""price"": 0.46, ""stepSize"": 1}]}]",,,,,,,,2026-07-07 01:38:36.000
FRR3-T21999,DK,MON,EUR,,"[{""restrictions"": null, ""priceComponents"": [{""vat"": 20.0, ""type"": ""ENERGY"", ""price"": 0.46, ""stepSize"": 1}]}]",,,,,,,,2026-07-07 01:59:59.000
FRR3-T18679,DK,MON,EUR,,"[{""restrictions"": null, ""priceComponents"": [{""vat"": 20.0, ""type"": ""ENERGY"", ""price"": 0.46, ""stepSize"": 1}]}]",,,,,,,,2026-07-07 01:31:54.000
FRR3-T19519,DK,MON,EUR,,"[{""restrictions"": null, ""priceComponents"": [{""vat"": 20.0, ""type"": ""ENERGY"", ""price"": 0.46, ""stepSize"": 1}]}]",,,,,,,,2026-07-07 01:38:20.000
FRSAST16110,DK,MON,EUR,,"[{""restrictions"": null, ""priceComponents"": [{""vat"": 20.0, ""type"": ""ENERGY"", ""price"": 0.42, ""stepSize"": 1}]}, {""restrictions"": null, ""priceComponents"": [{""vat"": 20.0, ""type"": ""PARKING_TIME"", ""price"": 12, ""stepSize"": 1}]}]",,,,,,,,2026-07-07 01:09:41.000
FRR3-T19204,DK,MON,EUR,,"[{""restrictions"": null, ""priceComponents"": [{""vat"": 20.0, ""type"": ""ENERGY"", ""price"": 0.46, ""stepSize"": 1}]}]",,,,,,,,2026-07-07 01:35:54.000
FRR3-T19541,DK,MON,EUR,,"[{""restrictions"": null, ""priceComponents"": [{""vat"": 20.0, ""type"": ""ENERGY"", ""price"": 0.3, ""stepSize"": 1}]}]",,,,,,,,2026-07-07 01:38:29.000
FRSAST16108,DK,MON,EUR,,"[{""restrictions"": null, ""priceComponents"": [{""vat"": 20.0, ""type"": ""ENERGY"", ""price"": 0.28, ""stepSize"": 1}]}, {""restrictions"": null, ""priceComponents"": [{""vat"": 20.0, ""type"": ""PARKING_TIME"", ""price"": 6, ""stepSize"": 1}]}]",,,,,,,,2026-07-07 01:09:38.000
FRR3-T19427,DK,MON,EUR,,"[{""restrictions"": null, ""priceComponents"": [{""vat"": 20.0, ""type"": ""ENERGY"", ""price"": 0.46, ""stepSize"": 1}]}]",,,,,,,,2026-07-07 01:37:44.000
FRSAST16078,DK,MON,EUR,,"[{""restrictions"": null, ""priceComponents"": [{""vat"": 20.0, ""type"": ""ENERGY"", ""price"": 0.42, ""stepSize"": 1}]}, {""restrictions"": null, ""priceComponents"": [{""vat"": 20.0, ""type"": ""PARKING_TIME"", ""price"": 12, ""stepSize"": 1}]}]",,,,,,,,2026-07-07 01:08:58.000
FRR3-T19452,DK,MON,EUR,,"[{""restrictions"": null, ""priceComponents"": [{""vat"": 20.0, ""type"": ""ENERGY"", ""price"": 0.46, ""stepSize"": 1}]}]",,,,,,,,2026-07-07 01:37:56.000
FRR3-T19077,DK,MON,EUR,,"[{""restrictions"": null, ""priceComponents"": [{""vat"": 20.0, ""type"": ""ENERGY"", ""price"": 0.46, ""stepSize"": 1}]}]",,,,,,,,2026-07-07 01:34:49.000
FRSAST16487,DK,MON,EUR,,"[{""restrictions"": null, ""priceComponents"": [{""vat"": 20.0, ""type"": ""ENERGY"", ""price"": 0.42, ""stepSize"": 1}]}, {""restrictions"": null, ""priceComponents"": [{""vat"": 20.0, ""type"": ""PARKING_TIME"", ""price"": 12, ""stepSize"": 1}]}]",,,,,,,,2026-07-07 01:17:56.000
FRSAST18281,DK,MON,EUR,,"[{""restrictions"": null, ""priceComponents"": [{""vat"": 20.0, ""type"": ""ENERGY"", ""price"": 0.28, ""stepSize"": 1}]}, {""restrictions"": null, ""priceComponents"": [{""vat"": 20.0, ""type"": ""PARKING_TIME"", ""price"": 6, ""stepSize"": 1}]}]",,,,,,,,2026-07-07 01:28:32.000
FRSAST16712,DK,MON,EUR,,"[{""restrictions"": null, ""priceComponents"": [{""vat"": 20.0, ""type"": ""ENERGY"", ""price"": 0.28, ""stepSize"": 1}]}, {""restrictions"": null, ""priceComponents"": [{""vat"": 20.0, ""type"": ""PARKING_TIME"", ""price"": 6, ""stepSize"": 1}]}]",,,,,,,,2026-07-07 01:20:30.000
FRR3-T18683,DK,MON,EUR,,"[{""restrictions"": null, ""priceComponents"": [{""vat"": 20.0, ""type"": ""ENERGY"", ""price"": 0.3, ""stepSize"": 1}]}]",,,,,,,,2026-07-07 01:31:58.000
FRSAST16058,DK,MON,EUR,,"[{""restrictions"": null, ""priceComponents"": [{""vat"": 20.0, ""type"": ""ENERGY"", ""price"": 0.42, ""stepSize"": 1}]}, {""restrictions"": null, ""priceComponents"": [{""vat"": 20.0, ""type"": ""PARKING_TIME"", ""price"": 12, ""stepSize"": 1}]}]",,,,,,,,2026-07-07 01:08:21.000
FRR3-T19542,DK,MON,EUR,,"[{""restrictions"": null, ""priceComponents"": [{""vat"": 20.0, ""type"": ""ENERGY"", ""price"": 0.3, ""stepSize"": 1}]}]",,,,,,,,2026-07-07 01:38:30.000
FRR3-T19154,DK,MON,EUR,,"[{""restrictions"": null, ""priceComponents"": [{""vat"": 20.0, ""type"": ""ENERGY"", ""price"": 0.46, ""stepSize"": 1}]}]",,,,,,,,2026-07-07 01:35:26.000
FRSAST16274,DK,MON,EUR,,"[{""restrictions"": null, ""priceComponents"": [{""vat"": 20.0, ""type"": ""ENERGY"", ""price"": 0.28, ""stepSize"": 1}]}, {""restrictions"": null, ""priceComponents"": [{""vat"": 20.0, ""type"": ""PARKING_TIME"", ""price"": 6, ""stepSize"": 1}]}]",,,,,,,,2026-07-07 01:13:12.000
FRR3-T18674,DK,MON,EUR,,"[{""restrictions"": null, ""priceComponents"": [{""vat"": 20.0, ""type"": ""ENERGY"", ""price"": 0.46, ""stepSize"": 1}]}]",,,,,,,,2026-07-07 01:31:50.000
FRR3-T22047,DK,MON,EUR,,"[{""restrictions"": null, ""priceComponents"": [{""vat"": 20.0, ""type"": ""ENERGY"", ""price"": 0.46, ""stepSize"": 1}]}]",,,,,,,,2026-07-07 02:00:24.000
FRR3-T19449,DK,MON,EUR,,"[{""restrictions"": null, ""priceComponents"": [{""vat"": 20.0, ""type"": ""ENERGY"", ""price"": 0.46, ""stepSize"": 1}]}]",,,,,,,,2026-07-07 01:37:54.000
FRR3-T19149,DK,MON,EUR,,"[{""restrictions"": null, ""priceComponents"": [{""vat"": 20.0, ""type"": ""ENERGY"", ""price"": 0.46, ""stepSize"": 1}]}]",,,,,,,,2026-07-07 01:35:24.000
FRSAST16696,DK,MON,EUR,,"[{""restrictions"": null, ""priceComponents"": [{""vat"": 20.0, ""type"": ""ENERGY"", ""price"": 0.28, ""stepSize"": 1}]}, {""restrictions"": null, ""priceComponents"": [{""vat"": 20.0, ""type"": ""PARKING_TIME"", ""price"": 6, ""stepSize"": 1}]}]",,,,,,,,2026-07-07 01:20:19.000
FRSAST16054,DK,MON,EUR,,"[{""restrictions"": null, ""priceComponents"": [{""vat"": 20.0, ""type"": ""ENERGY"", ""price"": 0.42, ""stepSize"": 1}]}, {""restrictions"": null, ""priceComponents"": [{""vat"": 20.0, ""type"": ""PARKING_TIME"", ""price"": 12, ""stepSize"": 1}]}]",,,,,,,,2026-07-07 01:08:14.000
FRSAST16100,DK,MON,EUR,,"[{""restrictions"": null, ""priceComponents"": [{""vat"": 20.0, ""type"": ""ENERGY"", ""price"": 0.42, ""stepSize"": 1}]}, {""restrictions"": null, ""priceComponents"": [{""vat"": 20.0, ""type"": ""PARKING_TIME"", ""price"": 12, ""stepSize"": 1}]}]",,,,,,,,2026-07-07 01:09:27.000
FRR3-T19197,DK,MON,EUR,,"[{""restrictions"": null, ""priceComponents"": [{""vat"": 20.0, ""type"": ""ENERGY"", ""price"": 0.46, ""stepSize"": 1}]}]",,,,,,,,2026-07-07 01:35:50.000
FRR3-T19426,DK,MON,EUR,,"[{""restrictions"": null, ""priceComponents"": [{""vat"": 20.0, ""type"": ""ENERGY"", ""price"": 0.46, ""stepSize"": 1}]}]",,,,,,,,2026-07-07 01:37:44.000
FRSAST16351,DK,MON,EUR,,"[{""restrictions"": null, ""priceComponents"": [{""vat"": 20.0, ""type"": ""ENERGY"", ""price"": 0.42, ""stepSize"": 1}]}, {""restrictions"": null, ""priceComponents"": [{""vat"": 20.0, ""type"": ""PARKING_TIME"", ""price"": 12, ""stepSize"": 1}]}]",,,,,,,,2026-07-07 01:15:27.000
FRSAST16098,DK,MON,EUR,,"[{""restrictions"": null, ""priceComponents"": [{""vat"": 20.0, ""type"": ""ENERGY"", ""price"": 0.42, ""stepSize"": 1}]}, {""restrictions"": null, ""priceComponents"": [{""vat"": 20.0, ""type"": ""PARKING_TIME"", ""price"": 12, ""stepSize"": 1}]}]",,,,,,,,2026-07-07 01:09:24.000
FRR3-T19150,DK,MON,EUR,,"[{""restrictions"": null, ""priceComponents"": [{""vat"": 20.0, ""type"": ""ENERGY"", ""price"": 0.46, ""stepSize"": 1}]}]",,,,,,,,2026-07-07 01:35:24.000
FRGRET16654,DK,MON,EUR,,"[{""restrictions"": null, ""priceComponents"": [{""vat"": 20.0, ""type"": ""ENERGY"", ""price"": 0.42, ""stepSize"": 1}]}, {""restrictions"": null, ""priceComponents"": [{""vat"": 20.0, ""type"": ""FLAT"", ""price"": 0.5, ""stepSize"": 1}]}]",,,,,,,,2026-07-07 01:19:48.000
FRR3-T20730,DK,MON,EUR,,"[{""restrictions"": null, ""priceComponents"": [{""vat"": 20.0, ""type"": ""ENERGY"", ""price"": 0.46, ""stepSize"": 1}]}]",,,,,,,,2026-07-07 01:47:33.000
FRSAST19022,DK,MON,EUR,,"[{""restrictions"": null, ""priceComponents"": [{""vat"": 20.0, ""type"": ""ENERGY"", ""price"": 0.28, ""stepSize"": 1}]}, {""restrictions"": null, ""priceComponents"": [{""vat"": 20.0, ""type"": ""PARKING_TIME"", ""price"": 6, ""stepSize"": 1}]}]",,,,,,,,2026-07-07 01:34:28.000
FRGRET16645,DK,MON,EUR,,"[{""restrictions"": null, ""priceComponents"": [{""vat"": 20.0, ""type"": ""ENERGY"", ""price"": 0.5, ""stepSize"": 1}]}, {""restrictions"": null, ""priceComponents"": [{""vat"": 20.0, ""type"": ""FLAT"", ""price"": 0.5, ""stepSize"": 1}]}]",,,,,,,,2026-07-07 01:19:40.000
FRSAST16420,DK,MON,EUR,,"[{""restrictions"": null, ""priceComponents"": [{""vat"": 20.0, ""type"": ""ENERGY"", ""price"": 0.28, ""stepSize"": 1}]}, {""restrictions"": null, ""priceComponents"": [{""vat"": 20.0, ""type"": ""PARKING_TIME"", ""price"": 6, ""stepSize"": 1}]}]",,,,,,,,2026-07-07 01:17:12.000
FRR3-T19537,DK,MON,EUR,,"[{""restrictions"": null, ""priceComponents"": [{""vat"": 20.0, ""type"": ""ENERGY"", ""price"": 0.3, ""stepSize"": 1}]}]",,,,,,,,2026-07-07 01:38:27.000
FRR3-T19109,DK,MON,EUR,,"[{""restrictions"": null, ""priceComponents"": [{""vat"": 20.0, ""type"": ""ENERGY"", ""price"": 0.46, ""stepSize"": 1}]}]",,,,,,,,2026-07-07 01:35:08.000
